CompanyCode,Plant,Material,FiscalYear,FiscalPeriod,TipoMaterial,TipoMaterialText,PlantName,ContaContabil,ContaContabilText,ProfitCenter,CompanyCodeCurrency,BaseUnit,EstoqueQuantidade,EstoqueValorTotal,PrecoUnitario_Oficial
US10,P001,RM-002,2023,7,HALB,Semi-Acabado,Fabrica Matriz SP,130300,Estoque Merc. Revenda,PC-3000,EUR,TON,4294.404,4498667.33,1047.565
BR01,P003,MAT-1002,2025,10,HALB,Semi-Acabado,Planta Exportacao SC,130300,Estoque Merc. Revenda,PC-2000,USD,M,2257.426,1262675.43,559.343
UK01,P003,MAT-1004,2025,4,FERT,Produto Acabado,Planta Exportacao SC,130200,Estoque Matéria Prima,PC-2000,BRL,TON,2777.378,278868.19,100.407
FR01,P003,SKU-STK-02,2023,5,ROH,Materia Prima,Planta Exportacao SC,130200,Estoque Matéria Prima,PC-2000,USD,KG,4466.674,5220125.97,1168.683
DE10,P003,FERT-3001,2023,11,HALB,Semi-Acabado,Planta Exportacao SC,130100,Estoque Prod. Acabado,PC-2000,BRL,L,3726.363,5408543.87,1451.427
DE10,P004,MAT-1002,2025,12,FERT,Produto Acabado,Filial Norte,130100,Estoque Prod. Acabado,PC-2000,BRL,M,2383.768,820562.07,344.229
UK01,P003,MAT-1005,2024,11,ROH,Materia Prima,Planta Exportacao SC,130300,Estoque Merc. Revenda,PC-1000,BRL,TON,4162.976,5029387.05,1208.123
FR01,P003,MAT-1003,2024,6,HAWA,Mercadoria Revenda,Planta Exportacao SC,130100,Estoque Prod. Acabado,PC-3000,USD,TON,46.738,55218.7,1181.452
DE10,P003,HALB-2010,2025,8,HALB,Semi-Acabado,Planta Exportacao SC,130200,Estoque Matéria Prima,PC-2000,GBP,L,707.587,124692.4,176.222
FR01,P001,HALB-2020,2023,8,HALB,Semi-Acabado,Fabrica Matriz SP,130300,Estoque Merc. Revenda,PC-1000,USD,L,2772.361,2331597.19,841.015
UK01,P004,RM-002,2023,11,FERT,Produto Acabado,Filial Norte,130100,Estoque Prod. Acabado,PC-1000,GBP,PC,4268.481,1514200.95,354.74
DE10,P002,HALB-2010,2024,6,ROH,Materia Prima,Centro Distribuicao RJ,130200,Estoque Matéria Prima,PC-3000,USD,KG,3921.652,3914393.02,998.149
FR01,P002,MAT-1002,2023,11,ROH,Materia Prima,Centro Distribuicao RJ,130100,Estoque Prod. Acabado,PC-2000,GBP,KG,3614.573,2513957.21,695.506
FR01,P002,RM-002,2024,8,FERT,Produto Acabado,Centro Distribuicao RJ,130300,Estoque Merc. Revenda,PC-2000,GBP,KG,1911.296,871094.18,455.761
DE10,P002,SKU-STK-02,2023,10,FERT,Produto Acabado,Centro Distribuicao RJ,130100,Estoque Prod. Acabado,PC-3000,USD,TON,4543.818,4775834.43,1051.062
DE10,P002,RM-002,2025,2,HAWA,Mercadoria Revenda,Centro Distribuicao RJ,130300,Estoque Merc. Revenda,PC-2000,EUR,PC,1368.485,204046.59,149.104
BR01,P003,HALB-2010,2025,6,HAWA,Mercadoria Revenda,Planta Exportacao SC,130100,Estoque Prod. Acabado,PC-3000,EUR,L,892.096,1146912.52,1285.638
FR01,P002,HALB-2010,2024,10,ROH,Materia Prima,Centro Distribuicao RJ,130200,Estoque Matéria Prima,PC-1000,BRL,L,3252.735,426901.95,131.244
FR01,P001,MAT-1003,2023,4,HALB,Semi-Acabado,Fabrica Matriz SP,130100,Estoque Prod. Acabado,PC-3000,GBP,L,525.981,464719.47,883.529
DE10,P002,HALB-2010,2024,6,HALB,Semi-Acabado,Centro Distribuicao RJ,130200,Estoque Matéria Prima,PC-3000,BRL,KG,123.791,178017.15,1438.046
DE10,P002,RM-003,2024,10,HALB,Semi-Acabado,Centro Distribuicao RJ,130200,Estoque Matéria Prima,PC-1000,GBP,PC,4689.754,4031936.28,859.733
BR01,P003,RM-002,2025,7,HAWA,Mercadoria Revenda,Planta Exportacao SC,130200,Estoque Matéria Prima,PC-1000,USD,L,117.844,146162.62,1240.306
FR01,P002,FERT-3001,2025,12,HALB,Semi-Acabado,Centro Distribuicao RJ,130100,Estoque Prod. Acabado,PC-3000,USD,KG,1413.357,1400406.41,990.837
DE10,P003,MAT-1004,2024,4,HAWA,Mercadoria Revenda,Planta Exportacao SC,130300,Estoque Merc. Revenda,PC-3000,USD,M,196.689,164137.76,834.504
UK01,P004,SKU-STK-02,2023,12,ROH,Materia Prima,Filial Norte,130100,Estoque Prod. Acabado,PC-3000,BRL,KG,1461.68,1132816.62,775.01
BR01,P003,RM-002,2025,11,FERT,Produto Acabado,Planta Exportacao SC,130100,Estoque Prod. Acabado,PC-3000,BRL,M,4961.954,6639382.25,1338.058
DE10,P001,MAT-1005,2024,11,FERT,Produto Acabado,Fabrica Matriz SP,130200,Estoque Matéria Prima,PC-1000,EUR,TON,3862.342,3839878.62,994.184
BR01,P002,SKU-STK-02,2025,11,ROH,Materia Prima,Centro Distribuicao RJ,130100,Estoque Prod. Acabado,PC-1000,EUR,KG,1212.443,228573.39,188.523
UK01,P002,SKU-STK-01,2025,4,HALB,Semi-Acabado,Centro Distribuicao RJ,130200,Estoque Matéria Prima,PC-3000,USD,L,990.209,464342.67,468.934
BR01,P002,MAT-1001,2025,12,HAWA,Mercadoria Revenda,Centro Distribuicao RJ,130100,Estoque Prod. Acabado,PC-1000,USD,L,1155.984,233594.31,202.074
BR01,P004,HALB-2010,2025,2,HAWA,Mercadoria Revenda,Filial Norte,130300,Estoque Merc. Revenda,PC-3000,GBP,KG,1006.881,1215472.51,1207.166
BR01,P002,SKU-STK-01,2024,7,HALB,Semi-Acabado,Centro Distribuicao RJ,130100,Estoque Prod. Acabado,PC-2000,USD,M,1993.915,907067.82,454.918
BR01,P003,SKU-STK-01,2024,11,HAWA,Mercadoria Revenda,Planta Exportacao SC,130100,Estoque Prod. Acabado,PC-1000,EUR,KG,134.049,111933.73,835.021
FR01,P003,SKU-STK-02,2025,6,ROH,Materia Prima,Planta Exportacao SC,130200,Estoque Matéria Prima,PC-2000,EUR,TON,2984.252,4177564.85,1399.87
DE10,P004,MAT-1002,2023,5,HALB,Semi-Acabado,Filial Norte,130100,Estoque Prod. Acabado,PC-2000,GBP,TON,4148.849,4963027.43,1196.242
UK01,P004,HALB-2020,2024,2,HAWA,Mercadoria Revenda,Filial Norte,130300,Estoque Merc. Revenda,PC-2000,GBP,M,2068.732,1167602.68,564.405
UK01,P002,MAT-1004,2025,12,HALB,Semi-Acabado,Centro Distribuicao RJ,130200,Estoque Matéria Prima,PC-1000,GBP,KG,1190.945,1334204.96,1120.291
UK01,P002,MAT-1003,2023,11,FERT,Produto Acabado,Centro Distribuicao RJ,130200,Estoque Matéria Prima,PC-3000,EUR,KG,4125.074,1934453.45,468.95
FR01,P001,MAT-1003,2023,3,HALB,Semi-Acabado,Fabrica Matriz SP,130100,Estoque Prod. Acabado,PC-1000,GBP,KG,586.295,21467.78,36.616
UK01,P002,FERT-3001,2024,9,HALB,Semi-Acabado,Centro Distribuicao RJ,130200,Estoque Matéria Prima,PC-3000,GBP,M,1974.216,948407.44,480.397
FR01,P003,MAT-1003,2024,12,FERT,Produto Acabado,Planta Exportacao SC,130100,Estoque Prod. Acabado,PC-2000,USD,KG,1191.357,450135.18,377.834
BR01,P001,RM-003,2023,5,HAWA,Mercadoria Revenda,Fabrica Matriz SP,130200,Estoque Matéria Prima,PC-3000,EUR,KG,517.343,647206.96,1251.021
DE10,P004,SKU-STK-01,2025,8,HAWA,Mercadoria Revenda,Filial Norte,130300,Estoque Merc. Revenda,PC-2000,EUR,TON,4898.058,5897403.88,1204.029
UK01,P003,HALB-2010,2024,10,HAWA,Mercadoria Revenda,Planta Exportacao SC,130100,Estoque Prod. Acabado,PC-2000,EUR,TON,2575.972,3315456.28,1287.07
FR01,P001,MAT-1003,2023,5,ROH,Materia Prima,Fabrica Matriz SP,130100,Estoque Prod. Acabado,PC-2000,EUR,PC,2394.608,1504412.48,628.25
FR01,P003,RM-001,2025,9,FERT,Produto Acabado,Planta Exportacao SC,130100,Estoque Prod. Acabado,PC-3000,GBP,L,3431.859,1540321.27,448.83
US10,P004,HALB-2010,2025,7,FERT,Produto Acabado,Filial Norte,130100,Estoque Prod. Acabado,PC-2000,GBP,TON,4244.317,4162053.65,980.618
DE10,P001,FERT-3002,2025,12,ROH,Materia Prima,Fabrica Matriz SP,130100,Estoque Prod. Acabado,PC-1000,GBP,TON,1019.999,1064596.42,1043.723
FR01,P003,FERT-3001,2023,12,HALB,Semi-Acabado,Planta Exportacao SC,130100,Estoque Prod. Acabado,PC-3000,BRL,M,431.621,606095.16,1404.23
BR01,P002,FERT-3002,2023,9,FERT,Produto Acabado,Centro Distribuicao RJ,130200,Estoque Matéria Prima,PC-2000,BRL,KG,3977.623,5645480.1,1419.31
DE10,P003,MAT-1003,2024,9,ROH,Materia Prima,Planta Exportacao SC,130200,Estoque Matéria Prima,PC-2000,EUR,TON,2829.104,2435247.46,860.784
UK01,P004,RM-003,2023,10,HALB,Semi-Acabado,Filial Norte,130300,Estoque Merc. Revenda,PC-1000,EUR,KG,3001.971,4194347.88,1397.198
FR01,P002,RM-002,2024,9,HALB,Semi-Acabado,Centro Distribuicao RJ,130200,Estoque Matéria Prima,PC-3000,GBP,TON,3873.864,3906756.98,1008.491
UK01,P003,RM-001,2023,2,HAWA,Mercadoria Revenda,Planta Exportacao SC,130100,Estoque Prod. Acabado,PC-3000,EUR,L,1579.056,379966.67,240.629
US10,P003,FERT-3001,2025,8,ROH,Materia Prima,Planta Exportacao SC,130200,Estoque Matéria Prima,PC-2000,BRL,PC,2769.435,3889751.77,1404.529
US10,P003,FERT-3001,2025,11,ROH,Materia Prima,Planta Exportacao SC,130300,Estoque Merc. Revenda,PC-2000,BRL,KG,4756.461,866270.46,182.125
FR01,P002,FERT-3001,2025,6,ROH,Materia Prima,Centro Distribuicao RJ,130200,Estoque Matéria Prima,PC-1000,GBP,L,71.39,48845.39,684.205
DE10,P002,MAT-1005,2023,5,ROH,Materia Prima,Centro Distribuicao RJ,130200,Estoque Matéria Prima,PC-3000,BRL,M,4593.025,5387779.08,1173.035
BR01,P003,HAWA-4001,2024,2,HAWA,Mercadoria Revenda,Planta Exportacao SC,130100,Estoque Prod. Acabado,PC-2000,EUR,KG,541.033,810825.6,1498.662
UK01,P003,MAT-1001,2025,10,HAWA,Mercadoria Revenda,Planta Exportacao SC,130300,Estoque Merc. Revenda,PC-1000,BRL,M,1211.732,265148.77,218.818
UK01,P002,MAT-1001,2024,12,HAWA,Mercadoria Revenda,Centro Distribuicao RJ,130200,Estoque Matéria Prima,PC-3000,GBP,PC,37.095,3050.28,82.229
BR01,P002,MAT-1001,2025,11,ROH,Materia Prima,Centro Distribuicao RJ,130300,Estoque Merc. Revenda,PC-3000,GBP,M,4006.81,5577695.89,1392.054
DE10,P002,MAT-1004,2025,7,FERT,Produto Acabado,Centro Distribuicao RJ,130100,Estoque Prod. Acabado,PC-2000,BRL,M,633.369,480900.61,759.274
BR01,P002,FERT-3002,2025,7,HAWA,Mercadoria Revenda,Centro Distribuicao RJ,130100,Estoque Prod. Acabado,PC-3000,EUR,TON,973.277,398833.34,409.784
DE10,P003,HALB-2020,2025,5,ROH,Materia Prima,Planta Exportacao SC,130100,Estoque Prod. Acabado,PC-1000,USD,KG,221.329,293658.87,1326.798
US10,P004,SKU-STK-02,2024,11,FERT,Produto Acabado,Filial Norte,130100,Estoque Prod. Acabado,PC-2000,USD,KG,2298.218,2705464.53,1177.201
US10,P001,MAT-1005,2024,6,HALB,Semi-Acabado,Fabrica Matriz SP,130300,Estoque Merc. Revenda,PC-3000,BRL,KG,2894.306,3042393.17,1051.165
UK01,P002,RM-002,2023,12,HALB,Semi-Acabado,Centro Distribuicao RJ,130200,Estoque Matéria Prima,PC-1000,BRL,PC,2376.102,435373.17,183.23
BR01,P003,HALB-2020,2024,11,HAWA,Mercadoria Revenda,Planta Exportacao SC,130200,Estoque Matéria Prima,PC-1000,GBP,L,3176.799,1971702.54,620.657
BR01,P003,MAT-1001,2023,2,HAWA,Mercadoria Revenda,Planta Exportacao SC,130100,Estoque Prod. Acabado,PC-2000,USD,L,2097.816,1497479.8,713.828
US10,P003,HALB-2020,2025,5,HALB,Semi-Acabado,Planta Exportacao SC,130300,Estoque Merc. Revenda,PC-2000,BRL,L,3265.641,1560127.33,477.74
DE10,P003,RM-001,2025,2,HALB,Semi-Acabado,Planta Exportacao SC,130200,Estoque Matéria Prima,PC-3000,GBP,L,2568.569,2841800.53,1106.375
US10,P003,FERT-3002,2024,1,FERT,Produto Acabado,Planta Exportacao SC,130200,Estoque Matéria Prima,PC-1000,BRL,KG,1579.109,1984761.57,1256.887
DE10,P004,MAT-1001,2023,9,HAWA,Mercadoria Revenda,Filial Norte,130300,Estoque Merc. Revenda,PC-1000,BRL,TON,1410.251,711505.48,504.524
FR01,P004,HAWA-4001,2023,3,FERT,Produto Acabado,Filial Norte,130100,Estoque Prod. Acabado,PC-2000,EUR,KG,4284.175,2405697.07,561.531
DE10,P003,SKU-STK-02,2023,10,HALB,Semi-Acabado,Planta Exportacao SC,130200,Estoque Matéria Prima,PC-3000,BRL,TON,4977.368,5770247.79,1159.297
FR01,P004,HALB-2020,2024,6,HAWA,Mercadoria Revenda,Filial Norte,130200,Estoque Matéria Prima,PC-1000,EUR,KG,63.531,20173.7,317.541
UK01,P002,SKU-STK-02,2025,8,HAWA,Mercadoria Revenda,Centro Distribuicao RJ,130300,Estoque Merc. Revenda,PC-1000,EUR,L,2784.287,3506556.11,1259.409
DE10,P004,MAT-1002,2024,12,FERT,Produto Acabado,Filial Norte,130200,Estoque Matéria Prima,PC-1000,USD,KG,3779.098,2469640.54,653.5
BR01,P001,MAT-1001,2024,12,HAWA,Mercadoria Revenda,Fabrica Matriz SP,130300,Estoque Merc. Revenda,PC-2000,EUR,L,1171.933,517559.6,441.629
DE10,P001,MAT-1004,2024,5,FERT,Produto Acabado,Fabrica Matriz SP,130100,Estoque Prod. Acabado,PC-3000,GBP,TON,4219.506,4043109.55,958.195
UK01,P003,RM-001,2025,4,HALB,Semi-Acabado,Planta Exportacao SC,130100,Estoque Prod. Acabado,PC-2000,EUR,TON,2702.242,1380824.04,510.992
BR01,P003,RM-003,2025,5,FERT,Produto Acabado,Planta Exportacao SC,130300,Estoque Merc. Revenda,PC-2000,EUR,L,4548.666,4015334.91,882.75
FR01,P004,MAT-1002,2024,5,HALB,Semi-Acabado,Filial Norte,130200,Estoque Matéria Prima,PC-1000,BRL,PC,1998.777,2751156.64,1376.42
DE10,P002,MAT-1001,2023,2,FERT,Produto Acabado,Centro Distribuicao RJ,130100,Estoque Prod. Acabado,PC-2000,EUR,KG,4638.028,3130993.56,675.07
UK01,P002,FERT-3001,2024,11,ROH,Materia Prima,Centro Distribuicao RJ,130100,Estoque Prod. Acabado,PC-2000,GBP,TON,3172.511,4672474.2,1472.8
DE10,P003,FERT-3001,2025,1,HALB,Semi-Acabado,Planta Exportacao SC,130300,Estoque Merc. Revenda,PC-1000,EUR,TON,4816.424,5654953.79,1174.098
BR01,P004,HALB-2010,2025,2,HALB,Semi-Acabado,Filial Norte,130200,Estoque Matéria Prima,PC-1000,GBP,TON,3273.971,4763215.28,1454.874
DE10,P004,RM-001,2025,12,HALB,Semi-Acabado,Filial Norte,130300,Estoque Merc. Revenda,PC-2000,GBP,M,628.11,41590.93,66.216
FR01,P004,SKU-STK-02,2023,3,FERT,Produto Acabado,Filial Norte,130200,Estoque Matéria Prima,PC-2000,EUR,M,2063.764,2459088.31,1191.555
UK01,P002,HAWA-4001,2023,5,FERT,Produto Acabado,Centro Distribuicao RJ,130300,Estoque Merc. Revenda,PC-1000,GBP,TON,194.484,109336.96,562.19
US10,P004,FERT-3002,2025,5,HALB,Semi-Acabado,Filial Norte,130300,Estoque Merc. Revenda,PC-1000,GBP,PC,4328.628,4806724.96,1110.45
US10,P001,HAWA-4001,2025,7,ROH,Materia Prima,Fabrica Matriz SP,130200,Estoque Matéria Prima,PC-1000,GBP,L,32.456,25132.99,774.371
DE10,P003,FERT-3001,2024,10,HALB,Semi-Acabado,Planta Exportacao SC,130300,Estoque Merc. Revenda,PC-3000,GBP,PC,1195.915,1530661.18,1279.908
UK01,P003,RM-001,2023,9,FERT,Produto Acabado,Planta Exportacao SC,130200,Estoque Matéria Prima,PC-1000,EUR,PC,1381.377,1837789.49,1330.404
FR01,P002,HAWA-4001,2024,7,FERT,Produto Acabado,Centro Distribuicao RJ,130300,Estoque Merc. Revenda,PC-1000,BRL,L,4993.729,2237495.21,448.061
DE10,P001,FERT-3001,2025,3,HAWA,Mercadoria Revenda,Fabrica Matriz SP,130300,Estoque Merc. Revenda,PC-2000,USD,KG,2980.112,1763010.42,591.592
US10,P001,MAT-1002,2024,12,ROH,Materia Prima,Fabrica Matriz SP,130200,Estoque Matéria Prima,PC-2000,GBP,PC,1017.875,31976.54,31.415
UK01,P002,SKU-STK-02,2023,5,HAWA,Mercadoria Revenda,Centro Distribuicao RJ,130200,Estoque Matéria Prima,PC-3000,USD,PC,3762.296,3060932.54,813.581
US10,P003,SKU-STK-01,2024,8,HAWA,Mercadoria Revenda,Planta Exportacao SC,130100,Estoque Prod. Acabado,PC-2000,BRL,PC,2652.415,2956819.41,1114.765
BR01,P004,MAT-1005,2023,1,FERT,Produto Acabado,Filial Norte,130100,Estoque Prod. Acabado,PC-2000,USD,TON,785.653,1030855.3,1312.1
DE10,P003,RM-002,2025,4,HALB,Semi-Acabado,Planta Exportacao SC,130300,Estoque Merc. Revenda,PC-3000,EUR,M,2386.524,3560882.34,1492.079
DE10,P002,MAT-1003,2024,4,FERT,Produto Acabado,Centro Distribuicao RJ,130300,Estoque Merc. Revenda,PC-3000,GBP,L,2815.232,442926.08,157.332
US10,P004,MAT-1001,2023,1,ROH,Materia Prima,Filial Norte,130200,Estoque Matéria Prima,PC-1000,EUR,KG,4799.275,763031.93,158.989
UK01,P004,RM-003,2023,8,FERT,Produto Acabado,Filial Norte,130200,Estoque Matéria Prima,PC-2000,GBP,KG,1569.724,127439.61,81.186
US10,P004,MAT-1004,2024,2,FERT,Produto Acabado,Filial Norte,130300,Estoque Merc. Revenda,PC-1000,USD,KG,1517.337,901628.96,594.218
BR01,P002,MAT-1001,2023,5,ROH,Materia Prima,Centro Distribuicao RJ,130300,Estoque Merc. Revenda,PC-2000,EUR,TON,2545.755,1875725.01,736.805
UK01,P002,MAT-1004,2024,11,HALB,Semi-Acabado,Centro Distribuicao RJ,130300,Estoque Merc. Revenda,PC-3000,USD,PC,1619.227,595085.35,367.512
UK01,P003,SKU-STK-01,2025,3,ROH,Materia Prima,Planta Exportacao SC,130100,Estoque Prod. Acabado,PC-1000,EUR,KG,252.361,175100.93,693.851
UK01,P002,SKU-STK-01,2023,2,ROH,Materia Prima,Centro Distribuicao RJ,130100,Estoque Prod. Acabado,PC-1000,EUR,TON,56.206,16105.32,286.541
DE10,P002,HALB-2010,2023,4,ROH,Materia Prima,Centro Distribuicao RJ,130100,Estoque Prod. Acabado,PC-3000,EUR,TON,2955.075,3767442.85,1274.906
US10,P002,FERT-3002,2025,7,HAWA,Mercadoria Revenda,Centro Distribuicao RJ,130100,Estoque Prod. Acabado,PC-2000,GBP,TON,4278.903,1647908.24,385.124
DE10,P004,RM-001,2025,2,ROH,Materia Prima,Filial Norte,130300,Estoque Merc. Revenda,PC-2000,USD,PC,4067.665,1956575.34,481.007
FR01,P003,MAT-1005,2024,5,HALB,Semi-Acabado,Planta Exportacao SC,130200,Estoque Matéria Prima,PC-1000,EUR,KG,399.761,19829.34,49.603
BR01,P003,FERT-3001,2025,2,HAWA,Mercadoria Revenda,Planta Exportacao SC,130300,Estoque Merc. Revenda,PC-2000,BRL,KG,3695.516,1770684.32,479.144
BR01,P004,FERT-3001,2025,4,HALB,Semi-Acabado,Filial Norte,130100,Estoque Prod. Acabado,PC-1000,GBP,KG,872.99,666443.18,763.403
BR01,P003,HALB-2010,2025,5,HALB,Semi-Acabado,Planta Exportacao SC,130300,Estoque Merc. Revenda,PC-2000,BRL,TON,643.281,866156.64,1346.467
US10,P001,MAT-1001,2024,12,HALB,Semi-Acabado,Fabrica Matriz SP,130100,Estoque Prod. Acabado,PC-3000,BRL,KG,2976.892,1326678.71,445.659
FR01,P001,MAT-1004,2024,3,ROH,Materia Prima,Fabrica Matriz SP,130200,Estoque Matéria Prima,PC-2000,EUR,PC,4370.704,1679346.86,384.228
FR01,P004,FERT-3001,2025,2,HALB,Semi-Acabado,Filial Norte,130300,Estoque Merc. Revenda,PC-2000,GBP,L,2839.02,3233192.38,1138.841
UK01,P004,FERT-3002,2023,10,ROH,Materia Prima,Filial Norte,130100,Estoque Prod. Acabado,PC-3000,EUR,PC,2605.948,1602402.64,614.902
FR01,P001,MAT-1003,2023,12,FERT,Produto Acabado,Fabrica Matriz SP,130300,Estoque Merc. Revenda,PC-3000,GBP,M,4808.133,1306706.31,271.77
FR01,P001,RM-003,2024,5,FERT,Produto Acabado,Fabrica Matriz SP,130100,Estoque Prod. Acabado,PC-2000,BRL,TON,3670.14,4837820.73,1318.157
FR01,P003,FERT-3002,2025,9,HALB,Semi-Acabado,Planta Exportacao SC,130300,Estoque Merc. Revenda,PC-3000,GBP,TON,2853.97,460630.76,161.4
US10,P003,MAT-1004,2025,12,ROH,Materia Prima,Planta Exportacao SC,130100,Estoque Prod. Acabado,PC-2000,GBP,TON,3720.566,147312.09,39.594
DE10,P004,RM-001,2024,5,HALB,Semi-Acabado,Filial Norte,130300,Estoque Merc. Revenda,PC-2000,BRL,TON,1602.471,1466369.93,915.068
US10,P003,RM-003,2024,10,HALB,Semi-Acabado,Planta Exportacao SC,130300,Estoque Merc. Revenda,PC-1000,USD,KG,991.743,564225.4,568.923
BR01,P002,RM-001,2023,6,ROH,Materia Prima,Centro Distribuicao RJ,130300,Estoque Merc. Revenda,PC-3000,EUR,M,4774.943,1762799.13,369.177
BR01,P002,MAT-1004,2024,6,FERT,Produto Acabado,Centro Distribuicao RJ,130100,Estoque Prod. Acabado,PC-1000,BRL,KG,936.973,735906.09,785.408
UK01,P001,SKU-STK-02,2023,3,ROH,Materia Prima,Fabrica Matriz SP,130200,Estoque Matéria Prima,PC-1000,BRL,PC,3266.071,2435776.96,745.782
FR01,P002,SKU-STK-01,2025,5,FERT,Produto Acabado,Centro Distribuicao RJ,130300,Estoque Merc. Revenda,PC-3000,EUR,KG,4509.193,6659762.42,1476.93
UK01,P002,MAT-1005,2025,9,HAWA,Mercadoria Revenda,Centro Distribuicao RJ,130100,Estoque Prod. Acabado,PC-2000,USD,L,2768.962,415294.46,149.982
US10,P003,MAT-1004,2024,7,ROH,Materia Prima,Planta Exportacao SC,130100,Estoque Prod. Acabado,PC-3000,EUR,PC,809.957,1035643.42,1278.64
BR01,P004,RM-002,2023,8,HAWA,Mercadoria Revenda,Filial Norte,130200,Estoque Matéria Prima,PC-3000,USD,KG,3802.475,4409608.58,1159.668
FR01,P001,MAT-1002,2023,8,HALB,Semi-Acabado,Fabrica Matriz SP,130300,Estoque Merc. Revenda,PC-2000,BRL,L,1330.054,1689813.66,1270.485
FR01,P001,FERT-3001,2024,7,HAWA,Mercadoria Revenda,Fabrica Matriz SP,130100,Estoque Prod. Acabado,PC-2000,EUR,PC,4258.16,5588792.42,1312.49
BR01,P002,MAT-1003,2025,4,FERT,Produto Acabado,Centro Distribuicao RJ,130100,Estoque Prod. Acabado,PC-2000,USD,L,4700.695,6263878.22,1332.543
US10,P002,HALB-2010,2023,3,FERT,Produto Acabado,Centro Distribuicao RJ,130200,Estoque Matéria Prima,PC-3000,BRL,L,2178.47,439992.12,201.973
BR01,P004,MAT-1003,2023,11,ROH,Materia Prima,Filial Norte,130300,Estoque Merc. Revenda,PC-1000,USD,KG,2776.539,876100.79,315.537
UK01,P001,MAT-1005,2024,7,ROH,Materia Prima,Fabrica Matriz SP,130300,Estoque Merc. Revenda,PC-2000,EUR,KG,3044.565,2131792.23,700.196
UK01,P004,HAWA-4001,2023,10,ROH,Materia Prima,Filial Norte,130300,Estoque Merc. Revenda,PC-3000,EUR,PC,3710.657,2618963.16,705.795
BR01,P003,RM-001,2025,8,HAWA,Mercadoria Revenda,Planta Exportacao SC,130100,Estoque Prod. Acabado,PC-3000,GBP,PC,3974.341,3719784.46,935.95
DE10,P001,RM-002,2025,4,HALB,Semi-Acabado,Fabrica Matriz SP,130300,Estoque Merc. Revenda,PC-1000,GBP,KG,3198.678,27035.23,8.452
DE10,P002,MAT-1002,2024,2,HAWA,Mercadoria Revenda,Centro Distribuicao RJ,130200,Estoque Matéria Prima,PC-3000,EUR,PC,770.11,731807.04,950.263
BR01,P002,RM-002,2024,8,HALB,Semi-Acabado,Centro Distribuicao RJ,130300,Estoque Merc. Revenda,PC-3000,EUR,PC,3303.157,2977944.68,901.545
UK01,P003,FERT-3001,2024,4,ROH,Materia Prima,Planta Exportacao SC,130100,Estoque Prod. Acabado,PC-3000,EUR,TON,4231.578,275810.02,65.179
US10,P002,RM-003,2025,9,FERT,Produto Acabado,Centro Distribuicao RJ,130300,Estoque Merc. Revenda,PC-2000,EUR,TON,3303.379,1510331.31,457.208
FR01,P002,HALB-2010,2025,4,HAWA,Mercadoria Revenda,Centro Distribuicao RJ,130200,Estoque Matéria Prima,PC-2000,BRL,TON,3601.715,2758398.64,765.857
UK01,P002,RM-002,2023,4,HALB,Semi-Acabado,Centro Distribuicao RJ,130200,Estoque Matéria Prima,PC-3000,BRL,TON,2205.85,425907.72,193.081
BR01,P003,MAT-1001,2025,12,FERT,Produto Acabado,Planta Exportacao SC,130200,Estoque Matéria Prima,PC-3000,GBP,PC,1639.469,493030.95,300.726
US10,P004,MAT-1002,2023,4,ROH,Materia Prima,Filial Norte,130300,Estoque Merc. Revenda,PC-3000,GBP,M,1383.011,293596.64,212.288
DE10,P003,HALB-2010,2024,9,HAWA,Mercadoria Revenda,Planta Exportacao SC,130100,Estoque Prod. Acabado,PC-1000,USD,TON,3509.942,5017879.77,1429.619
DE10,P001,SKU-STK-02,2023,7,HALB,Semi-Acabado,Fabrica Matriz SP,130100,Estoque Prod. Acabado,PC-2000,EUR,M,2004.384,2063942.27,1029.714
US10,P004,RM-002,2023,11,FERT,Produto Acabado,Filial Norte,130200,Estoque Matéria Prima,PC-2000,EUR,L,4680.328,5998809.16,1281.707
UK01,P002,RM-001,2025,4,HAWA,Mercadoria Revenda,Centro Distribuicao RJ,130200,Estoque Matéria Prima,PC-3000,GBP,M,1228.583,1682475.62,1369.444
FR01,P001,FERT-3002,2024,9,HAWA,Mercadoria Revenda,Fabrica Matriz SP,130300,Estoque Merc. Revenda,PC-1000,EUR,TON,3815.325,2760418.16,723.508
US10,P003,MAT-1004,2023,8,FERT,Produto Acabado,Planta Exportacao SC,130100,Estoque Prod. Acabado,PC-3000,USD,M,2933.947,1812956.27,617.924
BR01,P003,MAT-1001,2025,3,FERT,Produto Acabado,Planta Exportacao SC,130100,Estoque Prod. Acabado,PC-1000,EUR,TON,1687.289,2020155.69,1197.279
UK01,P003,RM-001,2023,1,ROH,Materia Prima,Planta Exportacao SC,130100,Estoque Prod. Acabado,PC-2000,USD,TON,4993.061,1462582.41,292.923
DE10,P004,SKU-STK-02,2025,3,FERT,Produto Acabado,Filial Norte,130300,Estoque Merc. Revenda,PC-1000,USD,M,357.507,75543.37,211.306
BR01,P001,MAT-1002,2024,7,FERT,Produto Acabado,Fabrica Matriz SP,130200,Estoque Matéria Prima,PC-2000,BRL,L,4164.321,1118757.33,268.653
BR01,P002,HALB-2020,2024,2,HAWA,Mercadoria Revenda,Centro Distribuicao RJ,130300,Estoque Merc. Revenda,PC-1000,EUR,TON,4960.29,7436149.31,1499.136
US10,P001,MAT-1005,2023,5,FERT,Produto Acabado,Fabrica Matriz SP,130300,Estoque Merc. Revenda,PC-3000,GBP,PC,2311.432,1479413.56,640.042
US10,P002,HAWA-4001,2023,3,HALB,Semi-Acabado,Centro Distribuicao RJ,130300,Estoque Merc. Revenda,PC-3000,EUR,M,4107.942,2579442.51,627.916
UK01,P001,SKU-STK-01,2023,4,ROH,Materia Prima,Fabrica Matriz SP,130200,Estoque Matéria Prima,PC-1000,USD,L,728.104,960520.62,1319.208
UK01,P002,MAT-1001,2025,2,HALB,Semi-Acabado,Centro Distribuicao RJ,130100,Estoque Prod. Acabado,PC-1000,USD,TON,12.589,8274.66,657.293
US10,P003,MAT-1003,2025,7,FERT,Produto Acabado,Planta Exportacao SC,130300,Estoque Merc. Revenda,PC-2000,USD,M,742.85,959685.69,1291.897
US10,P001,RM-001,2025,3,FERT,Produto Acabado,Fabrica Matriz SP,130100,Estoque Prod. Acabado,PC-2000,EUR,TON,3691.61,1439325.51,389.891
FR01,P003,RM-001,2025,12,FERT,Produto Acabado,Planta Exportacao SC,130200,Estoque Matéria Prima,PC-1000,GBP,KG,1103.754,349367.94,316.527
FR01,P002,MAT-1003,2025,11,ROH,Materia Prima,Centro Distribuicao RJ,130100,Estoque Prod. Acabado,PC-1000,GBP,TON,4117.307,2473542.17,600.767
UK01,P001,RM-001,2025,6,HAWA,Mercadoria Revenda,Fabrica Matriz SP,130200,Estoque Matéria Prima,PC-1000,EUR,PC,4376.67,6405322.2,1463.515
FR01,P002,MAT-1005,2024,5,HAWA,Mercadoria Revenda,Centro Distribuicao RJ,130200,Estoque Matéria Prima,PC-3000,USD,TON,3676.278,3131449.92,851.799
FR01,P002,MAT-1001,2023,4,HALB,Semi-Acabado,Centro Distribuicao RJ,130100,Estoque Prod. Acabado,PC-2000,USD,TON,3011.777,2204190.08,731.857
BR01,P001,HALB-2010,2024,2,FERT,Produto Acabado,Fabrica Matriz SP,130300,Estoque Merc. Revenda,PC-1000,USD,L,1932.994,791932.18,409.692
DE10,P003,MAT-1001,2025,10,HAWA,Mercadoria Revenda,Planta Exportacao SC,130300,Estoque Merc. Revenda,PC-2000,GBP,KG,15.327,4940.72,322.354
DE10,P004,RM-003,2023,5,ROH,Materia Prima,Filial Norte,130300,Estoque Merc. Revenda,PC-1000,USD,L,2385.698,3348649.21,1403.635
DE10,P002,FERT-3001,2023,2,FERT,Produto Acabado,Centro Distribuicao RJ,130100,Estoque Prod. Acabado,PC-2000,EUR,KG,1078.321,165241.91,153.24
US10,P001,HAWA-4001,2023,7,HALB,Semi-Acabado,Fabrica Matriz SP,130100,Estoque Prod. Acabado,PC-2000,USD,PC,1608.782,875714.74,544.334
FR01,P004,MAT-1004,2023,10,FERT,Produto Acabado,Filial Norte,130200,Estoque Matéria Prima,PC-1000,BRL,KG,4442.944,6197249.32,1394.852
BR01,P002,MAT-1002,2025,9,FERT,Produto Acabado,Centro Distribuicao RJ,130200,Estoque Matéria Prima,PC-2000,BRL,M,4263.388,4828866.73,1132.636
BR01,P002,RM-002,2024,11,ROH,Materia Prima,Centro Distribuicao RJ,130100,Estoque Prod. Acabado,PC-3000,GBP,KG,1626.444,2314795.76,1423.225
UK01,P004,RM-003,2024,10,FERT,Produto Acabado,Filial Norte,130300,Estoque Merc. Revenda,PC-2000,GBP,L,2473.424,3602475.27,1456.473
FR01,P002,MAT-1005,2025,1,HALB,Semi-Acabado,Centro Distribuicao RJ,130100,Estoque Prod. Acabado,PC-2000,EUR,PC,974.11,155281.9,159.409
UK01,P003,RM-002,2025,9,FERT,Produto Acabado,Planta Exportacao SC,130200,Estoque Matéria Prima,PC-2000,GBP,PC,3169.414,4407133.56,1390.52
US10,P002,HALB-2010,2024,5,HAWA,Mercadoria Revenda,Centro Distribuicao RJ,130200,Estoque Matéria Prima,PC-1000,GBP,PC,2314.471,2290946.72,989.836
UK01,P001,MAT-1002,2024,11,HALB,Semi-Acabado,Fabrica Matriz SP,130200,Estoque Matéria Prima,PC-1000,GBP,L,838.653,910823.28,1086.055
BR01,P004,MAT-1004,2024,2,HALB,Semi-Acabado,Filial Norte,130300,Estoque Merc. Revenda,PC-3000,GBP,KG,4135.682,5755297.78,1391.62
UK01,P003,RM-001,2023,8,HAWA,Mercadoria Revenda,Planta Exportacao SC,130300,Estoque Merc. Revenda,PC-1000,GBP,TON,4620.263,4022266.98,870.571
US10,P004,MAT-1001,2024,3,ROH,Materia Prima,Filial Norte,130200,Estoque Matéria Prima,PC-2000,USD,KG,3719.865,4757547.38,1278.957
UK01,P003,MAT-1005,2024,1,HAWA,Mercadoria Revenda,Planta Exportacao SC,130300,Estoque Merc. Revenda,PC-1000,EUR,KG,4395.03,2473197.65,562.726
BR01,P002,RM-003,2025,10,ROH,Materia Prima,Centro Distribuicao RJ,130300,Estoque Merc. Revenda,PC-3000,GBP,KG,2687.075,3891682.66,1448.297
US10,P004,SKU-STK-01,2025,7,HAWA,Mercadoria Revenda,Filial Norte,130200,Estoque Matéria Prima,PC-2000,BRL,L,1878.575,293347.0,156.154
BR01,P003,HALB-2020,2024,2,HALB,Semi-Acabado,Planta Exportacao SC,130300,Estoque Merc. Revenda,PC-1000,GBP,TON,2130.647,1189171.62,558.127
BR01,P001,MAT-1005,2023,12,ROH,Materia Prima,Fabrica Matriz SP,130300,Estoque Merc. Revenda,PC-2000,EUR,L,1525.945,2002238.21,1312.13
FR01,P002,MAT-1003,2024,2,HALB,Semi-Acabado,Centro Distribuicao RJ,130300,Estoque Merc. Revenda,PC-1000,EUR,L,3344.97,1900668.82,568.217
DE10,P004,MAT-1004,2024,3,HAWA,Mercadoria Revenda,Filial Norte,130200,Estoque Matéria Prima,PC-1000,EUR,M,706.722,202665.96,286.769
DE10,P001,HAWA-4001,2024,12,ROH,Materia Prima,Fabrica Matriz SP,130200,Estoque Matéria Prima,PC-3000,GBP,TON,4872.341,612448.39,125.699
US10,P002,RM-002,2025,6,ROH,Materia Prima,Centro Distribuicao RJ,130200,Estoque Matéria Prima,PC-3000,EUR,KG,189.135,152107.66,804.228
US10,P001,MAT-1005,2025,10,HALB,Semi-Acabado,Fabrica Matriz SP,130300,Estoque Merc. Revenda,PC-3000,GBP,KG,4515.916,327164.57,72.447
BR01,P002,HAWA-4001,2025,11,ROH,Materia Prima,Centro Distribuicao RJ,130100,Estoque Prod. Acabado,PC-2000,EUR,PC,787.231,633463.53,804.673
FR01,P004,MAT-1001,2023,7,HAWA,Mercadoria Revenda,Filial Norte,130200,Estoque Matéria Prima,PC-1000,BRL,M,4844.074,2273943.97,469.428
BR01,P001,SKU-STK-01,2025,8,HALB,Semi-Acabado,Fabrica Matriz SP,130100,Estoque Prod. Acabado,PC-3000,USD,M,3542.141,4413079.09,1245.879
UK01,P003,FERT-3002,2025,3,HAWA,Mercadoria Revenda,Planta Exportacao SC,130100,Estoque Prod. Acabado,PC-3000,USD,TON,2732.922,2234234.79,817.526
BR01,P004,RM-002,2024,2,FERT,Produto Acabado,Filial Norte,130200,Estoque Matéria Prima,PC-1000,EUR,KG,1937.844,1057270.25,545.591
BR01,P003,RM-002,2023,4,HALB,Semi-Acabado,Planta Exportacao SC,130300,Estoque Merc. Revenda,PC-1000,GBP,PC,4654.116,4283043.33,920.27
UK01,P002,MAT-1004,2025,1,HAWA,Mercadoria Revenda,Centro Distribuicao RJ,130300,Estoque Merc. Revenda,PC-1000,EUR,KG,2583.621,3628915.3,1404.585
US10,P002,MAT-1001,2025,4,HAWA,Mercadoria Revenda,Centro Distribuicao RJ,130100,Estoque Prod. Acabado,PC-2000,EUR,TON,983.67,841049.65,855.012
FR01,P004,HAWA-4001,2025,2,HALB,Semi-Acabado,Filial Norte,130100,Estoque Prod. Acabado,PC-2000,BRL,KG,3092.767,4010963.13,1296.885
US10,P002,RM-002,2025,2,FERT,Produto Acabado,Centro Distribuicao RJ,130100,Estoque Prod. Acabado,PC-2000,USD,KG,4729.011,2698245.99,570.573
UK01,P003,HALB-2020,2023,10,ROH,Materia Prima,Planta Exportacao SC,130100,Estoque Prod. Acabado,PC-3000,GBP,KG,3367.538,2205622.89,654.966
DE10,P003,MAT-1003,2024,1,HAWA,Mercadoria Revenda,Planta Exportacao SC,130300,Estoque Merc. Revenda,PC-2000,GBP,L,545.489,408561.99,748.983
UK01,P002,RM-003,2023,9,ROH,Materia Prima,Centro Distribuicao RJ,130300,Estoque Merc. Revenda,PC-2000,BRL,PC,2394.953,1522088.43,635.54
DE10,P003,MAT-1001,2025,4,HALB,Semi-Acabado,Planta Exportacao SC,130200,Estoque Matéria Prima,PC-2000,EUR,KG,4907.122,3465227.99,706.163
DE10,P004,HALB-2020,2024,3,HALB,Semi-Acabado,Filial Norte,130300,Estoque Merc. Revenda,PC-3000,GBP,TON,3910.968,2523020.21,645.114
FR01,P002,HALB-2020,2024,8,FERT,Produto Acabado,Centro Distribuicao RJ,130200,Estoque Matéria Prima,PC-2000,EUR,M,3362.552,4845699.71,1441.078
DE10,P002,FERT-3002,2025,5,ROH,Materia Prima,Centro Distribuicao RJ,130200,Estoque Matéria Prima,PC-1000,USD,KG,2303.95,753771.8,327.165
DE10,P002,FERT-3002,2023,2,ROH,Materia Prima,Centro Distribuicao RJ,130200,Estoque Matéria Prima,PC-3000,GBP,KG,4474.493,1845804.43,412.517
FR01,P002,MAT-1005,2025,3,FERT,Produto Acabado,Centro Distribuicao RJ,130100,Estoque Prod. Acabado,PC-3000,GBP,KG,2651.663,3512986.78,1324.824
US10,P004,RM-003,2023,5,HAWA,Mercadoria Revenda,Filial Norte,130200,Estoque Matéria Prima,PC-1000,EUR,L,745.656,308535.3,413.777
DE10,P004,MAT-1002,2025,2,ROH,Materia Prima,Filial Norte,130300,Estoque Merc. Revenda,PC-3000,BRL,L,2410.804,2831262.68,1174.406
US10,P002,MAT-1004,2024,5,FERT,Produto Acabado,Centro Distribuicao RJ,130300,Estoque Merc. Revenda,PC-2000,EUR,PC,1810.445,486379.67,268.652
BR01,P004,MAT-1005,2024,9,ROH,Materia Prima,Filial Norte,130300,Estoque Merc. Revenda,PC-1000,GBP,PC,1371.294,275192.65,200.681
FR01,P004,FERT-3002,2024,1,HALB,Semi-Acabado,Filial Norte,130100,Estoque Prod. Acabado,PC-3000,EUR,M,4650.717,3485284.53,749.408
US10,P002,SKU-STK-01,2024,10,FERT,Produto Acabado,Centro Distribuicao RJ,130200,Estoque Matéria Prima,PC-1000,EUR,KG,4543.955,5399218.21,1188.22
FR01,P003,RM-003,2024,8,FERT,Produto Acabado,Planta Exportacao SC,130200,Estoque Matéria Prima,PC-3000,GBP,KG,2042.738,1745335.77,854.41
FR01,P003,FERT-3002,2025,2,ROH,Materia Prima,Planta Exportacao SC,130100,Estoque Prod. Acabado,PC-3000,BRL,PC,4240.706,6328244.42,1492.262
DE10,P001,MAT-1005,2024,12,HALB,Semi-Acabado,Fabrica Matriz SP,130200,Estoque Matéria Prima,PC-2000,EUR,PC,3035.434,4275451.29,1408.514
FR01,P001,MAT-1003,2024,1,ROH,Materia Prima,Fabrica Matriz SP,130100,Estoque Prod. Acabado,PC-3000,BRL,TON,299.147,426043.36,1424.194
UK01,P003,MAT-1003,2025,10,HALB,Semi-Acabado,Planta Exportacao SC,130100,Estoque Prod. Acabado,PC-1000,USD,TON,4061.821,1627750.39,400.744
DE10,P004,MAT-1004,2023,1,FERT,Produto Acabado,Filial Norte,130300,Estoque Merc. Revenda,PC-2000,GBP,L,1388.275,2008772.84,1446.956
FR01,P003,FERT-3002,2025,11,HAWA,Mercadoria Revenda,Planta Exportacao SC,130100,Estoque Prod. Acabado,PC-1000,EUR,KG,3861.528,2203329.95,570.585
UK01,P003,SKU-STK-02,2024,9,FERT,Produto Acabado,Planta Exportacao SC,130200,Estoque Matéria Prima,PC-3000,GBP,KG,202.835,64087.14,315.957
BR01,P001,FERT-3002,2023,7,FERT,Produto Acabado,Fabrica Matriz SP,130200,Estoque Matéria Prima,PC-2000,USD,L,1864.001,535546.13,287.31
BR01,P003,HALB-2020,2024,8,HALB,Semi-Acabado,Planta Exportacao SC,130300,Estoque Merc. Revenda,PC-2000,BRL,M,3455.106,5094781.83,1474.566
DE10,P001,FERT-3001,2024,2,HAWA,Mercadoria Revenda,Fabrica Matriz SP,130100,Estoque Prod. Acabado,PC-1000,BRL,KG,3775.32,570801.96,151.193
DE10,P002,MAT-1005,2025,8,ROH,Materia Prima,Centro Distribuicao RJ,130200,Estoque Matéria Prima,PC-1000,EUR,PC,3982.342,5423428.12,1361.869
UK01,P001,MAT-1003,2023,5,FERT,Produto Acabado,Fabrica Matriz SP,130100,Estoque Prod. Acabado,PC-3000,EUR,PC,4719.554,2860337.62,606.061
BR01,P002,MAT-1003,2023,5,ROH,Materia Prima,Centro Distribuicao RJ,130100,Estoque Prod. Acabado,PC-3000,EUR,M,3199.859,3761251.86,1175.443
DE10,P001,MAT-1004,2023,2,ROH,Materia Prima,Fabrica Matriz SP,130300,Estoque Merc. Revenda,PC-2000,EUR,TON,262.175,341298.89,1301.798
UK01,P003,FERT-3002,2024,1,ROH,Materia Prima,Planta Exportacao SC,130100,Estoque Prod. Acabado,PC-3000,BRL,L,4693.172,5133959.41,1093.921
DE10,P004,HAWA-4001,2023,12,ROH,Materia Prima,Filial Norte,130300,Estoque Merc. Revenda,PC-1000,USD,L,3749.271,1632218.88,435.343
UK01,P003,HALB-2010,2025,10,HALB,Semi-Acabado,Planta Exportacao SC,130200,Estoque Matéria Prima,PC-1000,GBP,TON,1981.558,2341018.57,1181.403
DE10,P002,RM-003,2025,1,FERT,Produto Acabado,Centro Distribuicao RJ,130300,Estoque Merc. Revenda,PC-3000,GBP,M,950.766,1135092.91,1193.872
BR01,P001,RM-001,2025,3,FERT,Produto Acabado,Fabrica Matriz SP,130300,Estoque Merc. Revenda,PC-1000,EUR,L,3194.736,2279536.78,713.529
FR01,P003,MAT-1005,2025,6,ROH,Materia Prima,Planta Exportacao SC,130300,Estoque Merc. Revenda,PC-3000,GBP,PC,3941.086,2275035.25,577.261
UK01,P001,RM-001,2025,12,ROH,Materia Prima,Fabrica Matriz SP,130300,Estoque Merc. Revenda,PC-1000,USD,PC,3035.751,3003660.08,989.429
DE10,P004,HALB-2010,2024,10,FERT,Produto Acabado,Filial Norte,130300,Estoque Merc. Revenda,PC-3000,GBP,KG,2483.069,217365.38,87.539
DE10,P004,SKU-STK-02,2023,7,FERT,Produto Acabado,Filial Norte,130200,Estoque Matéria Prima,PC-3000,BRL,TON,263.895,297095.63,1125.81
FR01,P003,MAT-1004,2023,10,FERT,Produto Acabado,Planta Exportacao SC,130300,Estoque Merc. Revenda,PC-1000,USD,KG,2661.151,3113570.62,1170.009
UK01,P002,FERT-3001,2024,2,FERT,Produto Acabado,Centro Distribuicao RJ,130300,Estoque Merc. Revenda,PC-2000,BRL,L,3181.446,3554540.54,1117.272
BR01,P001,MAT-1004,2024,12,FERT,Produto Acabado,Fabrica Matriz SP,130200,Estoque Matéria Prima,PC-2000,BRL,KG,4441.413,5412172.64,1218.57
UK01,P002,SKU-STK-01,2023,4,ROH,Materia Prima,Centro Distribuicao RJ,130300,Estoque Merc. Revenda,PC-1000,BRL,KG,4610.269,2312437.17,501.584
BR01,P001,MAT-1002,2023,7,FERT,Produto Acabado,Fabrica Matriz SP,130100,Estoque Prod. Acabado,PC-3000,EUR,L,4949.217,572703.59,115.716
DE10,P001,HALB-2020,2024,12,ROH,Materia Prima,Fabrica Matriz SP,130300,Estoque Merc. Revenda,PC-3000,USD,L,4412.054,4233405.52,959.509
FR01,P003,RM-003,2023,6,ROH,Materia Prima,Planta Exportacao SC,130200,Estoque Matéria Prima,PC-1000,GBP,PC,856.873,1024713.0,1195.875
UK01,P004,MAT-1005,2023,11,HALB,Semi-Acabado,Filial Norte,130300,Estoque Merc. Revenda,PC-3000,BRL,PC,3433.389,4413044.75,1285.332
UK01,P004,FERT-3001,2024,3,FERT,Produto Acabado,Filial Norte,130100,Estoque Prod. Acabado,PC-1000,USD,L,4549.885,2029494.4,446.054
US10,P002,HALB-2020,2025,8,FERT,Produto Acabado,Centro Distribuicao RJ,130200,Estoque Matéria Prima,PC-3000,EUR,TON,3121.496,645974.87,206.944
UK01,P003,RM-002,2023,4,HAWA,Mercadoria Revenda,Planta Exportacao SC,130100,Estoque Prod. Acabado,PC-2000,GBP,TON,2051.085,276145.78,134.634
UK01,P004,HAWA-4001,2024,7,HAWA,Mercadoria Revenda,Filial Norte,130100,Estoque Prod. Acabado,PC-2000,BRL,TON,2733.533,3121229.99,1141.83
UK01,P003,RM-003,2025,2,HAWA,Mercadoria Revenda,Planta Exportacao SC,130300,Estoque Merc. Revenda,PC-1000,USD,L,2648.001,2396401.18,904.985
UK01,P003,SKU-STK-01,2025,7,HALB,Semi-Acabado,Planta Exportacao SC,130200,Estoque Matéria Prima,PC-2000,EUR,KG,2472.598,1743525.28,705.139
US10,P002,MAT-1002,2025,7,ROH,Materia Prima,Centro Distribuicao RJ,130100,Estoque Prod. Acabado,PC-3000,EUR,KG,12.835,8352.49,650.759
DE10,P001,MAT-1003,2024,3,HAWA,Mercadoria Revenda,Fabrica Matriz SP,130200,Estoque Matéria Prima,PC-1000,USD,TON,4705.971,1201015.56,255.211
UK01,P002,FERT-3002,2024,2,FERT,Produto Acabado,Centro Distribuicao RJ,130200,Estoque Matéria Prima,PC-3000,USD,M,1161.089,1578104.56,1359.159
FR01,P002,MAT-1004,2023,8,HAWA,Mercadoria Revenda,Centro Distribuicao RJ,130300,Estoque Merc. Revenda,PC-2000,GBP,M,1441.593,546936.06,379.397
DE10,P001,RM-003,2025,4,ROH,Materia Prima,Fabrica Matriz SP,130300,Estoque Merc. Revenda,PC-1000,USD,L,3198.746,4128480.72,1290.656
DE10,P003,MAT-1005,2025,12,ROH,Materia Prima,Planta Exportacao SC,130300,Estoque Merc. Revenda,PC-3000,EUR,TON,2204.647,3259579.41,1478.504
BR01,P004,MAT-1005,2024,7,ROH,Materia Prima,Filial Norte,130100,Estoque Prod. Acabado,PC-2000,USD,L,2740.941,2311605.48,843.362
DE10,P003,RM-001,2023,7,HAWA,Mercadoria Revenda,Planta Exportacao SC,130300,Estoque Merc. Revenda,PC-3000,GBP,L,1660.078,324052.21,195.203
UK01,P001,FERT-3002,2023,2,ROH,Materia Prima,Fabrica Matriz SP,130100,Estoque Prod. Acabado,PC-1000,USD,TON,2774.366,101619.48,36.628
UK01,P004,MAT-1001,2023,1,HALB,Semi-Acabado,Filial Norte,130100,Estoque Prod. Acabado,PC-3000,BRL,KG,284.126,248519.9,874.682
DE10,P003,RM-002,2025,8,ROH,Materia Prima,Planta Exportacao SC,130200,Estoque Matéria Prima,PC-3000,BRL,KG,2219.829,249368.93,112.337
UK01,P003,SKU-STK-01,2023,10,HALB,Semi-Acabado,Planta Exportacao SC,130100,Estoque Prod. Acabado,PC-2000,BRL,TON,2751.973,631052.18,229.309
UK01,P001,SKU-STK-02,2024,10,HAWA,Mercadoria Revenda,Fabrica Matriz SP,130200,Estoque Matéria Prima,PC-2000,EUR,PC,2475.377,1123590.95,453.907
US10,P003,RM-001,2024,7,ROH,Materia Prima,Planta Exportacao SC,130100,Estoque Prod. Acabado,PC-2000,BRL,TON,3559.933,115929.22,32.565
UK01,P003,HAWA-4001,2024,8,HALB,Semi-Acabado,Planta Exportacao SC,130300,Estoque Merc. Revenda,PC-2000,EUR,PC,3561.412,565135.54,158.683
BR01,P001,MAT-1004,2023,2,HAWA,Mercadoria Revenda,Fabrica Matriz SP,130100,Estoque Prod. Acabado,PC-3000,EUR,M,2279.923,1422275.25,623.826
DE10,P002,SKU-STK-01,2025,7,HALB,Semi-Acabado,Centro Distribuicao RJ,130100,Estoque Prod. Acabado,PC-1000,GBP,TON,99.126,137568.95,1387.819
FR01,P003,SKU-STK-01,2023,1,ROH,Materia Prima,Planta Exportacao SC,130300,Estoque Merc. Revenda,PC-3000,BRL,TON,4853.844,4017691.71,827.734
FR01,P004,RM-002,2025,9,FERT,Produto Acabado,Filial Norte,130200,Estoque Matéria Prima,PC-1000,EUR,TON,2863.491,671780.72,234.602
UK01,P001,RM-003,2025,2,HALB,Semi-Acabado,Fabrica Matriz SP,130300,Estoque Merc. Revenda,PC-3000,BRL,PC,2554.054,1204900.52,471.76
DE10,P004,MAT-1004,2025,2,FERT,Produto Acabado,Filial Norte,130100,Estoque Prod. Acabado,PC-1000,GBP,M,2324.972,3287835.9,1414.14
DE10,P003,HAWA-4001,2025,2,ROH,Materia Prima,Planta Exportacao SC,130200,Estoque Matéria Prima,PC-1000,BRL,TON,1216.081,1130831.29,929.898
UK01,P003,MAT-1003,2024,4,HALB,Semi-Acabado,Planta Exportacao SC,130300,Estoque Merc. Revenda,PC-1000,USD,L,451.127,456956.46,1012.922
FR01,P004,MAT-1005,2024,4,ROH,Materia Prima,Filial Norte,130300,Estoque Merc. Revenda,PC-3000,BRL,L,1681.884,2134850.68,1269.321
FR01,P004,HALB-2020,2024,4,FERT,Produto Acabado,Filial Norte,130300,Estoque Merc. Revenda,PC-1000,USD,KG,588.335,781434.78,1328.214
US10,P001,MAT-1001,2024,9,ROH,Materia Prima,Fabrica Matriz SP,130300,Estoque Merc. Revenda,PC-2000,EUR,L,1440.103,308156.12,213.982
US10,P002,MAT-1001,2024,10,FERT,Produto Acabado,Centro Distribuicao RJ,130100,Estoque Prod. Acabado,PC-1000,USD,KG,3075.787,1733845.74,563.708
BR01,P002,RM-002,2024,11,FERT,Produto Acabado,Centro Distribuicao RJ,130100,Estoque Prod. Acabado,PC-2000,BRL,L,1976.419,2404120.02,1216.402
FR01,P001,RM-003,2023,2,HALB,Semi-Acabado,Fabrica Matriz SP,130100,Estoque Prod. Acabado,PC-3000,GBP,M,1730.708,1098677.67,634.814
FR01,P002,HALB-2020,2025,7,HAWA,Mercadoria Revenda,Centro Distribuicao RJ,130100,Estoque Prod. Acabado,PC-2000,USD,M,3821.582,1646287.85,430.787
DE10,P004,MAT-1001,2023,10,HALB,Semi-Acabado,Filial Norte,130300,Estoque Merc. Revenda,PC-2000,BRL,M,2230.239,1834922.45,822.747
BR01,P001,RM-002,2024,2,ROH,Materia Prima,Fabrica Matriz SP,130100,Estoque Prod. Acabado,PC-3000,USD,L,4214.847,2062038.03,489.232
FR01,P001,MAT-1001,2024,1,ROH,Materia Prima,Fabrica Matriz SP,130100,Estoque Prod. Acabado,PC-1000,EUR,L,4727.629,1902327.0,402.385
UK01,P001,RM-003,2024,9,HALB,Semi-Acabado,Fabrica Matriz SP,130300,Estoque Merc. Revenda,PC-3000,BRL,L,4855.964,1903338.79,391.959
UK01,P001,HAWA-4001,2025,3,FERT,Produto Acabado,Fabrica Matriz SP,130100,Estoque Prod. Acabado,PC-1000,EUR,PC,1955.548,1561370.15,798.431
DE10,P001,RM-001,2023,7,FERT,Produto Acabado,Fabrica Matriz SP,130100,Estoque Prod. Acabado,PC-3000,USD,PC,1008.915,1030760.03,1021.652
FR01,P003,RM-001,2024,2,FERT,Produto Acabado,Planta Exportacao SC,130200,Estoque Matéria Prima,PC-3000,BRL,L,3586.591,2519332.7,702.431
DE10,P002,SKU-STK-01,2024,7,ROH,Materia Prima,Centro Distribuicao RJ,130100,Estoque Prod. Acabado,PC-1000,GBP,PC,1719.825,108820.21,63.274
US10,P003,MAT-1002,2024,2,FERT,Produto Acabado,Planta Exportacao SC,130300,Estoque Merc. Revenda,PC-3000,USD,TON,4036.652,5674224.84,1405.676
UK01,P003,RM-001,2024,10,FERT,Produto Acabado,Planta Exportacao SC,130300,Estoque Merc. Revenda,PC-1000,USD,TON,822.654,642620.29,781.155
UK01,P002,SKU-STK-01,2023,10,ROH,Materia Prima,Centro Distribuicao RJ,130100,Estoque Prod. Acabado,PC-1000,USD,PC,1330.226,85324.69,64.143
DE10,P004,MAT-1005,2024,12,FERT,Produto Acabado,Filial Norte,130100,Estoque Prod. Acabado,PC-2000,USD,PC,972.779,555493.77,571.038
DE10,P002,MAT-1001,2025,5,HALB,Semi-Acabado,Centro Distribuicao RJ,130100,Estoque Prod. Acabado,PC-3000,BRL,L,1018.55,1157267.34,1136.191
FR01,P004,MAT-1005,2025,6,HAWA,Mercadoria Revenda,Filial Norte,130200,Estoque Matéria Prima,PC-3000,BRL,L,3871.958,4446211.96,1148.311
DE10,P001,HAWA-4001,2023,12,HALB,Semi-Acabado,Fabrica Matriz SP,130300,Estoque Merc. Revenda,PC-3000,USD,TON,1549.214,2159940.5,1394.217
FR01,P001,HALB-2020,2025,10,FERT,Produto Acabado,Fabrica Matriz SP,130100,Estoque Prod. Acabado,PC-2000,EUR,M,180.555,208799.04,1156.429
FR01,P002,MAT-1005,2024,6,HAWA,Mercadoria Revenda,Centro Distribuicao RJ,130100,Estoque Prod. Acabado,PC-1000,GBP,PC,2076.746,142205.18,68.475
UK01,P004,SKU-STK-01,2024,10,ROH,Materia Prima,Filial Norte,130200,Estoque Matéria Prima,PC-1000,EUR,L,1359.001,1822618.76,1341.146
FR01,P001,MAT-1004,2024,8,FERT,Produto Acabado,Fabrica Matriz SP,130200,Estoque Matéria Prima,PC-2000,EUR,L,2518.37,584120.81,231.944
DE10,P002,MAT-1004,2025,7,HAWA,Mercadoria Revenda,Centro Distribuicao RJ,130300,Estoque Merc. Revenda,PC-3000,BRL,KG,4849.16,5713081.5,1178.159
US10,P004,MAT-1003,2023,2,HALB,Semi-Acabado,Filial Norte,130200,Estoque Matéria Prima,PC-3000,GBP,KG,4092.954,3594931.54,878.322
BR01,P002,FERT-3001,2025,1,FERT,Produto Acabado,Centro Distribuicao RJ,130200,Estoque Matéria Prima,PC-1000,EUR,L,303.654,272922.7,898.795
US10,P002,HALB-2020,2025,4,ROH,Materia Prima,Centro Distribuicao RJ,130100,Estoque Prod. Acabado,PC-1000,USD,PC,602.2,846628.16,1405.892
FR01,P001,FERT-3001,2023,9,FERT,Produto Acabado,Fabrica Matriz SP,130200,Estoque Matéria Prima,PC-3000,GBP,L,2218.854,529542.82,238.656
UK01,P002,RM-003,2023,8,FERT,Produto Acabado,Centro Distribuicao RJ,130300,Estoque Merc. Revenda,PC-3000,EUR,M,4612.565,628231.35,136.2
US10,P002,RM-001,2023,7,FERT,Produto Acabado,Centro Distribuicao RJ,130100,Estoque Prod. Acabado,PC-3000,GBP,PC,2267.727,1422232.2,627.162
BR01,P002,MAT-1002,2024,8,HALB,Semi-Acabado,Centro Distribuicao RJ,130300,Estoque Merc. Revenda,PC-2000,USD,KG,203.369,199774.86,982.327
UK01,P004,FERT-3002,2023,12,HAWA,Mercadoria Revenda,Filial Norte,130300,Estoque Merc. Revenda,PC-2000,GBP,L,4382.573,916058.56,209.023
FR01,P002,MAT-1001,2024,3,HAWA,Mercadoria Revenda,Centro Distribuicao RJ,130100,Estoque Prod. Acabado,PC-1000,EUR,PC,1850.703,713540.39,385.551
UK01,P002,RM-001,2025,1,FERT,Produto Acabado,Centro Distribuicao RJ,130200,Estoque Matéria Prima,PC-2000,USD,L,1733.463,1392298.41,803.189
US10,P002,RM-003,2023,9,FERT,Produto Acabado,Centro Distribuicao RJ,130300,Estoque Merc. Revenda,PC-2000,GBP,TON,4549.89,5421380.48,1191.541
BR01,P003,RM-002,2023,9,HAWA,Mercadoria Revenda,Planta Exportacao SC,130300,Estoque Merc. Revenda,PC-3000,BRL,L,472.999,399780.65,845.204
DE10,P001,SKU-STK-01,2025,8,HAWA,Mercadoria Revenda,Fabrica Matriz SP,130300,Estoque Merc. Revenda,PC-3000,EUR,M,3148.451,2898454.55,920.597
FR01,P001,HALB-2010,2024,6,ROH,Materia Prima,Fabrica Matriz SP,130100,Estoque Prod. Acabado,PC-2000,BRL,KG,1089.184,1406372.9,1291.217
DE10,P004,FERT-3001,2025,9,HALB,Semi-Acabado,Filial Norte,130200,Estoque Matéria Prima,PC-3000,BRL,KG,1029.754,149218.56,144.907
US10,P002,SKU-STK-02,2023,8,ROH,Materia Prima,Centro Distribuicao RJ,130100,Estoque Prod. Acabado,PC-1000,EUR,KG,3543.841,3252289.2,917.73
UK01,P001,MAT-1001,2025,4,HALB,Semi-Acabado,Fabrica Matriz SP,130300,Estoque Merc. Revenda,PC-3000,BRL,L,34.238,37510.98,1095.595
DE10,P001,RM-002,2024,4,HAWA,Mercadoria Revenda,Fabrica Matriz SP,130200,Estoque Matéria Prima,PC-2000,EUR,M,1629.972,1279467.71,784.963
FR01,P003,MAT-1002,2024,2,HAWA,Mercadoria Revenda,Planta Exportacao SC,130300,Estoque Merc. Revenda,PC-1000,USD,KG,1929.571,530933.04,275.156
UK01,P001,RM-003,2023,1,HAWA,Mercadoria Revenda,Fabrica Matriz SP,130300,Estoque Merc. Revenda,PC-2000,EUR,KG,4597.035,246980.3,53.726
BR01,P002,SKU-STK-02,2024,6,FERT,Produto Acabado,Centro Distribuicao RJ,130100,Estoque Prod. Acabado,PC-2000,GBP,L,1052.708,317060.91,301.186
BR01,P001,HAWA-4001,2025,3,FERT,Produto Acabado,Fabrica Matriz SP,130200,Estoque Matéria Prima,PC-3000,GBP,PC,701.517,452792.04,645.447
DE10,P003,MAT-1002,2025,12,HALB,Semi-Acabado,Planta Exportacao SC,130200,Estoque Matéria Prima,PC-1000,BRL,TON,859.892,93179.62,108.362
US10,P001,HAWA-4001,2023,11,HAWA,Mercadoria Revenda,Fabrica Matriz SP,130100,Estoque Prod. Acabado,PC-1000,EUR,M,4179.296,576525.52,137.948
UK01,P003,HALB-2010,2024,1,FERT,Produto Acabado,Planta Exportacao SC,130100,Estoque Prod. Acabado,PC-2000,GBP,M,2136.959,2552193.64,1194.311
BR01,P002,HAWA-4001,2025,2,HALB,Semi-Acabado,Centro Distribuicao RJ,130100,Estoque Prod. Acabado,PC-2000,GBP,TON,268.231,192880.89,719.085
US10,P004,RM-002,2024,6,HAWA,Mercadoria Revenda,Filial Norte,130100,Estoque Prod. Acabado,PC-1000,EUR,PC,1839.24,1442990.46,784.558
US10,P004,RM-001,2024,7,HAWA,Mercadoria Revenda,Filial Norte,130100,Estoque Prod. Acabado,PC-1000,USD,TON,758.208,992339.6,1308.796
BR01,P004,MAT-1004,2023,4,ROH,Materia Prima,Filial Norte,130300,Estoque Merc. Revenda,PC-3000,BRL,M,761.497,13617.85,17.883
US10,P002,FERT-3002,2025,11,FERT,Produto Acabado,Centro Distribuicao RJ,130100,Estoque Prod. Acabado,PC-2000,EUR,KG,368.592,328134.97,890.239
DE10,P002,SKU-STK-02,2023,5,ROH,Materia Prima,Centro Distribuicao RJ,130200,Estoque Matéria Prima,PC-2000,EUR,L,1295.511,373481.57,288.289
US10,P001,FERT-3002,2023,7,HALB,Semi-Acabado,Fabrica Matriz SP,130300,Estoque Merc. Revenda,PC-2000,EUR,PC,4463.782,5399524.62,1209.63
DE10,P004,SKU-STK-01,2024,3,HALB,Semi-Acabado,Filial Norte,130100,Estoque Prod. Acabado,PC-2000,GBP,L,3412.661,4989354.75,1462.013
UK01,P002,MAT-1004,2025,10,FERT,Produto Acabado,Centro Distribuicao RJ,130100,Estoque Prod. Acabado,PC-1000,BRL,KG,2642.905,279421.13,105.725
BR01,P004,MAT-1002,2023,1,HAWA,Mercadoria Revenda,Filial Norte,130300,Estoque Merc. Revenda,PC-3000,GBP,TON,4502.388,4907256.24,1089.923
DE10,P002,HAWA-4001,2023,12,ROH,Materia Prima,Centro Distribuicao RJ,130300,Estoque Merc. Revenda,PC-3000,BRL,M,3594.569,3168015.88,881.334
US10,P001,HALB-2020,2025,6,ROH,Materia Prima,Fabrica Matriz SP,130200,Estoque Matéria Prima,PC-1000,BRL,PC,2191.269,2487969.01,1135.401
DE10,P003,RM-003,2024,11,FERT,Produto Acabado,Planta Exportacao SC,130200,Estoque Matéria Prima,PC-2000,GBP,L,2862.133,224293.91,78.366
FR01,P002,FERT-3001,2024,12,HALB,Semi-Acabado,Centro Distribuicao RJ,130200,Estoque Matéria Prima,PC-2000,BRL,TON,3211.321,3809956.19,1186.414
DE10,P004,MAT-1005,2025,4,ROH,Materia Prima,Filial Norte,130100,Estoque Prod. Acabado,PC-1000,USD,L,2641.725,3460966.19,1310.116
UK01,P001,FERT-3002,2024,4,ROH,Materia Prima,Fabrica Matriz SP,130100,Estoque Prod. Acabado,PC-2000,EUR,L,4138.93,3692823.71,892.217
US10,P004,FERT-3001,2023,10,ROH,Materia Prima,Filial Norte,130300,Estoque Merc. Revenda,PC-1000,USD,KG,2603.571,1446301.92,555.507
UK01,P001,SKU-STK-02,2023,3,HAWA,Mercadoria Revenda,Fabrica Matriz SP,130200,Estoque Matéria Prima,PC-2000,BRL,M,2530.715,901152.18,356.086
UK01,P004,FERT-3002,2024,11,HAWA,Mercadoria Revenda,Filial Norte,130200,Estoque Matéria Prima,PC-3000,BRL,L,4015.498,685353.15,170.677
UK01,P001,SKU-STK-01,2024,8,HAWA,Mercadoria Revenda,Fabrica Matriz SP,130100,Estoque Prod. Acabado,PC-1000,EUR,M,4419.495,3471959.69,785.601
DE10,P003,MAT-1001,2025,9,ROH,Materia Prima,Planta Exportacao SC,130200,Estoque Matéria Prima,PC-1000,GBP,KG,3418.245,4874390.02,1425.992
UK01,P003,SKU-STK-02,2024,9,HALB,Semi-Acabado,Planta Exportacao SC,130300,Estoque Merc. Revenda,PC-2000,GBP,KG,2666.752,2574122.37,965.265
BR01,P002,MAT-1004,2023,11,HALB,Semi-Acabado,Centro Distribuicao RJ,130100,Estoque Prod. Acabado,PC-2000,GBP,PC,4184.837,933298.16,223.019
US10,P002,HALB-2010,2025,6,FERT,Produto Acabado,Centro Distribuicao RJ,130100,Estoque Prod. Acabado,PC-1000,GBP,M,1846.785,1738024.14,941.108
FR01,P001,HAWA-4001,2024,7,HAWA,Mercadoria Revenda,Fabrica Matriz SP,130300,Estoque Merc. Revenda,PC-3000,EUR,KG,3160.117,2945605.1,932.119
US10,P001,HALB-2010,2023,10,HAWA,Mercadoria Revenda,Fabrica Matriz SP,130300,Estoque Merc. Revenda,PC-2000,USD,L,3909.515,2224654.78,569.036
UK01,P001,RM-001,2024,1,HALB,Semi-Acabado,Fabrica Matriz SP,130200,Estoque Matéria Prima,PC-3000,USD,KG,1256.632,997363.69,793.68
BR01,P003,MAT-1005,2024,10,HAWA,Mercadoria Revenda,Planta Exportacao SC,130100,Estoque Prod. Acabado,PC-3000,USD,PC,2721.113,2044709.61,751.424
UK01,P003,MAT-1001,2023,10,HAWA,Mercadoria Revenda,Planta Exportacao SC,130300,Estoque Merc. Revenda,PC-2000,EUR,TON,1319.318,921228.31,698.261
DE10,P001,RM-003,2023,9,ROH,Materia Prima,Fabrica Matriz SP,130300,Estoque Merc. Revenda,PC-1000,USD,TON,3023.684,1805496.14,597.118
DE10,P001,MAT-1001,2025,5,FERT,Produto Acabado,Fabrica Matriz SP,130300,Estoque Merc. Revenda,PC-2000,BRL,TON,2792.342,3149086.03,1127.758
US10,P002,HAWA-4001,2023,4,HAWA,Mercadoria Revenda,Centro Distribuicao RJ,130300,Estoque Merc. Revenda,PC-3000,USD,KG,620.225,861890.71,1389.642
US10,P003,MAT-1001,2023,3,FERT,Produto Acabado,Planta Exportacao SC,130100,Estoque Prod. Acabado,PC-2000,BRL,L,2231.831,1126777.82,504.867
UK01,P004,SKU-STK-01,2023,9,HALB,Semi-Acabado,Filial Norte,130300,Estoque Merc. Revenda,PC-3000,USD,KG,3266.311,623845.8,190.994
UK01,P002,SKU-STK-02,2025,7,HAWA,Mercadoria Revenda,Centro Distribuicao RJ,130200,Estoque Matéria Prima,PC-2000,EUR,TON,4753.818,2946173.95,619.749
FR01,P002,MAT-1003,2024,1,ROH,Materia Prima,Centro Distribuicao RJ,130100,Estoque Prod. Acabado,PC-2000,USD,M,3074.852,1084395.76,352.666
BR01,P004,RM-003,2024,4,HALB,Semi-Acabado,Filial Norte,130300,Estoque Merc. Revenda,PC-1000,USD,M,3866.746,1586723.09,410.351
US10,P003,SKU-STK-01,2023,8,HAWA,Mercadoria Revenda,Planta Exportacao SC,130300,Estoque Merc. Revenda,PC-3000,GBP,L,4388.61,6317825.4,1439.596
FR01,P001,HALB-2010,2023,12,HALB,Semi-Acabado,Fabrica Matriz SP,130200,Estoque Matéria Prima,PC-1000,EUR,L,1719.586,750404.98,436.387
US10,P004,HALB-2020,2024,8,HALB,Semi-Acabado,Filial Norte,130300,Estoque Merc. Revenda,PC-1000,BRL,M,2609.668,1685182.67,645.746
US10,P002,FERT-3001,2025,4,HALB,Semi-Acabado,Centro Distribuicao RJ,130100,Estoque Prod. Acabado,PC-1000,GBP,M,3802.325,3286840.0,864.429
BR01,P002,FERT-3002,2025,3,HAWA,Mercadoria Revenda,Centro Distribuicao RJ,130300,Estoque Merc. Revenda,PC-2000,BRL,M,3326.253,4225282.64,1270.283
DE10,P002,RM-002,2024,7,ROH,Materia Prima,Centro Distribuicao RJ,130300,Estoque Merc. Revenda,PC-1000,GBP,PC,4635.476,2756564.61,594.667
BR01,P002,RM-001,2024,7,HALB,Semi-Acabado,Centro Distribuicao RJ,130300,Estoque Merc. Revenda,PC-3000,USD,M,1976.48,736717.11,372.742
DE10,P003,HALB-2010,2024,4,HALB,Semi-Acabado,Planta Exportacao SC,130100,Estoque Prod. Acabado,PC-2000,USD,L,2341.694,2162205.5,923.351
FR01,P002,RM-003,2025,1,ROH,Materia Prima,Centro Distribuicao RJ,130200,Estoque Matéria Prima,PC-2000,EUR,M,2366.001,2904654.25,1227.664
FR01,P003,MAT-1003,2025,5,FERT,Produto Acabado,Planta Exportacao SC,130300,Estoque Merc. Revenda,PC-1000,EUR,TON,2917.585,1259057.55,431.541
BR01,P001,RM-003,2025,3,FERT,Produto Acabado,Fabrica Matriz SP,130100,Estoque Prod. Acabado,PC-3000,USD,M,4743.746,2727914.86,575.055
UK01,P001,HAWA-4001,2025,11,HAWA,Mercadoria Revenda,Fabrica Matriz SP,130100,Estoque Prod. Acabado,PC-3000,EUR,L,170.425,101059.64,592.986
DE10,P001,HAWA-4001,2025,4,HALB,Semi-Acabado,Fabrica Matriz SP,130200,Estoque Matéria Prima,PC-1000,USD,KG,3550.696,2504185.17,705.266
UK01,P003,SKU-STK-02,2023,1,HAWA,Mercadoria Revenda,Planta Exportacao SC,130200,Estoque Matéria Prima,PC-3000,GBP,PC,1243.81,470479.84,378.257
DE10,P002,SKU-STK-02,2024,12,HALB,Semi-Acabado,Centro Distribuicao RJ,130200,Estoque Matéria Prima,PC-3000,USD,PC,70.583,59074.23,836.947
US10,P003,MAT-1003,2023,2,FERT,Produto Acabado,Planta Exportacao SC,130200,Estoque Matéria Prima,PC-2000,EUR,M,3706.668,4366973.84,1178.14
DE10,P004,MAT-1005,2023,8,HALB,Semi-Acabado,Filial Norte,130100,Estoque Prod. Acabado,PC-2000,GBP,KG,2779.661,1402255.58,504.47
US10,P001,FERT-3001,2025,7,FERT,Produto Acabado,Fabrica Matriz SP,130200,Estoque Matéria Prima,PC-1000,BRL,TON,2880.722,415394.35,144.198
FR01,P004,FERT-3002,2024,12,FERT,Produto Acabado,Filial Norte,130200,Estoque Matéria Prima,PC-1000,GBP,PC,1039.302,295224.13,284.06
DE10,P001,HAWA-4001,2025,11,HALB,Semi-Acabado,Fabrica Matriz SP,130300,Estoque Merc. Revenda,PC-3000,EUR,TON,413.119,546848.1,1323.706
FR01,P003,RM-003,2023,8,HALB,Semi-Acabado,Planta Exportacao SC,130300,Estoque Merc. Revenda,PC-1000,BRL,KG,3267.408,4505981.08,1379.069
UK01,P003,RM-002,2025,4,HALB,Semi-Acabado,Planta Exportacao SC,130300,Estoque Merc. Revenda,PC-1000,USD,TON,3379.969,4267122.98,1262.474
FR01,P001,MAT-1001,2024,7,ROH,Materia Prima,Fabrica Matriz SP,130300,Estoque Merc. Revenda,PC-2000,BRL,PC,3772.912,2019692.61,535.314
US10,P003,MAT-1002,2024,4,FERT,Produto Acabado,Planta Exportacao SC,130100,Estoque Prod. Acabado,PC-1000,GBP,TON,525.581,503767.29,958.496
DE10,P001,HALB-2010,2025,9,HALB,Semi-Acabado,Fabrica Matriz SP,130300,Estoque Merc. Revenda,PC-1000,USD,TON,4675.44,2717337.68,581.194
UK01,P001,HAWA-4001,2024,7,HAWA,Mercadoria Revenda,Fabrica Matriz SP,130300,Estoque Merc. Revenda,PC-3000,GBP,TON,2902.527,2734223.97,942.015
