Client,Supplier,SupplierAccountGroup,SupplierName,SupplierFullName,IsBusinessPurposeCompleted,CreatedByUser,CreationDate,IsOneTimeAccount,AuthorizationGroup,VatRegistration,TaxJurisdiction,SupplierCorporateGroup,Customer,Industry,TaxNumber1,TaxNumber2,TaxNumber3,TaxNumber4,TaxNumber5,TaxNumber6,PurchasingIsBlocked,InternationalAllocationNumber1,InternationalAllocationNumber2,InternationalAllocationNumber3,AddressId,Region,OrganizationBpName1,OrganizationBpName2,CityName,PostalCode,StreetName,Country,ConcatenatedInternationAllocNo,SupplierProcurementBlock,SuplrQualityManagementSystem,SupplierLanguage,PhoneNumber1,FaxNumber,IsNaturalPerson,VatLiability,TaxNumberType,BusinessType,BirthDate,SortField,PhoneNumber2,TaxInvoiceRepresentativeName,IndustryType,TradingPartner,DataMediumExchangeIndicator,TrainStationName,AlternativePayeeIsAllowed,SupplierIsPlantRelevant,SupplierPlant,FactoryCalendar
300,0000001258,ZE02,Vismara Group - Servicos Industriais,Vismara Group - Servicos Industriais,,N4EJ094,20190706,,,,IT9204067850,,0010000253,8271,RZEBGTXG4CRH0GNP,,,,,,,0211020,14104,8,0001893244,LMI,Vismara Group - Servicos Industriai,Distribution,Monteleone Di Fermo,072443,"Contrada Mario, 39 Piano 5",IT,0211020141048,02,1026,I,+35271536087,,,,DE,,,VISMARAGRO,,,sacro persona minimo,,,,,,P004,01
300,0000002625,ZOTH,Moreira - Materiais,Moreira - Materiais,,I0KJ8AKUUW,20251222,,,73381803172600,BR2418412161,,0010000349,1153,73381803172600  ,08945464806,,,,,,0956239,33346,7,0005769624,SP,Moreira - Materiais,Wholesale S.A.,Oliveira,05811940,Pátio de Jesus,BR,0956239333467,02,8478,P,+5580911786820,,,,BR,,,MOREIRA,+558036430628,,dignissimos deserunt laborum,,,,,X,P003,02
300,0000015761,ZLIF,Hahn - Componentes,Hahn - Componentes,,LOLGD7,20191209,,CS8F,DE976945959,,,0010000338,6982,DE680870629,,,,,,,8694411,35101,3,0005124272,BW,Hahn - Componentes,Retail SE,Neuruppin,34957,Lilly-Wulff-Ring 1/6,DE,8694411351013,,7733,D,+49623440695,,,,MX,,,HAHN,,,,,,,,X,P003,01
400,0000026819,ZE02,Faria S.A. - Componentes,Faria S.A. - Componentes,,A5RYKCX0IQBM,20150915,,QZD1,,,,0010000398,0451,NXYF51WYA,40567516450,,,,,,6334711,42645,8,0003614052,XX,Faria S.A. - Componentes,Foods Lda.,Guimarães,030746,"Avenida Costa, S/N",PT,6334711426458,02,7566,P,+55661788106,,,,DE,,,FARIASA,,,,,1,,,,P003,02
700,0000031897,ZOTH,Krein - Servicos Industriais,Krein - Servicos Industriais,,Z16WE7PXZC8,20151222,,,DE114271075,DE9307895931,,0010000194,7728,DE869821428,,,,,,,6714481,81922,4,0004934147,HE,Krein - Servicos Industriais,Chemicals AG,Strasburg,85687,Schweitzerplatz 1/6,DE,6714481819224,01,2123,D,+49604700245,,,,DE,Zeitung Dorf hoch,,KREIN,+49316901353,,,,,,,,P004,02
300,0000035111,ZE02,Bartlett Ltd - Logistica,Bartlett Ltd - Logistica,,F08Y7YJJ,20260206,,,2QGQE21Y9JYHWNXGR1,,,0010000107,9421,26-7914063,53910818703,,,,,,3769370,69422,7,0008499994,CA,Bartlett Ltd - Logistica,Packaging LLC,Jenniferside,27355,8088 Fields Grove Suite 634,US,3769370694227,02,5140,E,+16578381130,,,,FR,security yet manager,,BARTLETTLT,,D0NISSMBM1,,,1,,,,P003,02
300,0000037496,ZE02,Kohl GmbH & Co. KGaA - Componentes,Kohl GmbH & Co. KGaA - Componentes,,K1S19AH,20201220,,,DE792254885,,,0010000169,2716,DE959378590,,,,,,,3427349,63166,0,0001180517,BE,Kohl GmbH & Co. KGaA - Componentes,Automotive KG,Oschatz,27798,Ilias-Noack-Gasse 8/7,DE,3427349631660,02,0197,D,+49734560955,,,,MX,,,KOHLGMBHCO,,,,162807,,,,,P004,01
400,0000049261,ZIMP,Lemoine S.A.R.L. - Componentes,Lemoine S.A.R.L. - Componentes,,WKQHNZ0RE3J8,20150801,,,,FR1968115193,,0010000444,9409,A1928Y1J4LT6,21928113262,,,0HJDULU7IDE41UP6UCYZHC43B234A4EA7,,,9920620,42849,0,0008655108,,Lemoine S.A.R.L. - Componentes,Metals SA,FouquetVille,23387,"48, avenue Le Gall",FR,9920620428490,01,6997,F,+23646376699,,,,DE,,,LEMOINESAR,,,,,,,,,P004,02
100,0000057713,ZLIF,Johnson PLC - Materiais,Johnson PLC - Materiais,,SEXSU8PV6B,20140420,,,AFGM2AR4PH,GB4230970446,,0010000254,0928,GB964560758725,07617436365,,,,PR767SUBEMKYEUM5VY2E,,9419491,85651,4,0008743498,LDN,Johnson PLC - Materiais,Retail Ltd,Gordonmouth,HJ3956QS,759 Mills Streets,GB,9419491856514,01,4686,E,+41862053921,,,,DE,,,JOHNSONPLC,,,quaerat omnis tenetur,,,,,,P003,01
700,0000059994,ZLIF,Johns-Price - Logistica,Johns-Price - Logistica,,DM52FTKVII,20250718,,FYC1,CV7RP1GLFVLFFK1,US1904472842,,0010000522,3638,85-9177533,,,,,,,8219610,82668,0,0000148658,MA,Johns-Price - Logistica,Shared Services,New Wesley,81988,487 Michael Route,US,8219610826680,01,,E,+17038411092,,,,DE,per newspaper reveal,,JOHNSPRICE,,,,,1,,,,P002,
510,0000068459,ZIMP,Vidal - Materiais,Vidal - Materiais,,9RMQ3GWXOI,20140719,,GGOT,8TDDY65JJBUF3PDXMDWP,FR1575623114,,0010000473,2521,780X2BL4BH4Y3J,58789816894,,,,,,4544854,76824,8,0000777308,OCC,Vidal - Materiais,Operations,GautierVille,20876,"5, rue de Menard",FR,4544854768248,01,9360,F,+72461690385,,,,MX,,,VIDAL,,,,,,,,,P001,02
400,0000101158,ZE02,"Brown, O'Neill and Humphreys - Servicos Industriais","Brown, O'Neill and Humphreys - Servicos Industriais",,630D3F0TF7BV,20250615,,,ZEPHWIYQ70MD23,GB4357085912,,0010000121,2185,GB323148667672,,,,,,,9464874,62264,3,0004036335,,"Brown, O'Neill and Humphreys - Serv",Maritime PLC,Georgeside,QT5570XC,Studio 8 Janice Points,GB,9464874622643,01,5539,E,+38888780253,+59990274439,,,GB,,,BROWNONEIL,,,facere maiores earum,,,,,,P002,02
100,0000114037,ZE01,Moretti-Garrone e figli - Servicos Industriais,Moretti-Garrone e figli - Servicos Industriais,,IH3GIIT268I1,20120111,,,,,0000679028,0010000502,0390,WBBPI19V4G1,,,,,,,1039495,79886,4,0007160177,SIC,Moretti-Garrone e figli - Servicos ,Industrial S.p.A.,Montegibbio,044206,"Incrocio Botta, 13 Piano 2",IT,1039495798864,02,0650,I,+44150044100,,,,BR,,,MORETTIGAR,,,,,1,,,,P002,01
812,0000117009,ZSVC,Cavalcanti S/A - Componentes,Cavalcanti S/A - Componentes,,NJRY6EZ72,20200622,,,30009359826930,,,0010000405,8976,30009359826930  ,88061282961,,,,,,0197610,54688,2,0002051124,SC,Cavalcanti S/A - Componentes,Export,Aparecida,45268499,"Rua João Pedro Fogaça, 1",BR,0197610546882,01,4369,P,+5595978667732,,,,MX,,,CAVALCANTI,+559534928068,,eius inventore sit,,,,,,P001,02
300,0000123054,ZLIF,"Ybarra, Acuña y Escalante - Logistica","Ybarra, Acuña y Escalante - Logistica",,6BER069UCVJI,20240623,,,,MX8551735370,,0010000499,2991,D47QWKG8VXP1P0,,,,,,,8354003,30161,8,0009138246,QUE,"Ybarra, Acuña y Escalante - Logisti",Packaging S.A. de C.V.,Nueva Suiza,020960,Callejón Rivera 575 018,MX,8354003301618,01,,S,+27247116652,,,,US,,,YBARRAACUÑ,,,vida ver relaciones,,,,,,P004,01
510,0000129598,ZIMP,Burton Ltd - Materiais,Burton Ltd - Materiais,,CTDS4W2YILJ,20230913,,79CJ,,GB0339462099,,0010000207,9408,GB705822822178,,,,,,,9499926,70569,7,0008574502,,Burton Ltd - Materiais,Maritime Ltd,Meganchester,EW6026LU,7 Brandon Views,GB,9499926705697,02,8732,E,+68747884067,+89230513221,,,,nihil voluptate laudantium,,BURTONLTD,,XBCQEJWFZW,veritatis incidunt consequuntu,,,,,,P002,02
812,0000136032,ZE02,Monteiro Gonçalves S.A. - Materiais,Monteiro Gonçalves S.A. - Materiais,,OBGL6NY4,20180503,X,,NURLW2T9RWE,PT4965273689,0000418308,0010000239,9039,LPALRZILX2PB36D,,,NDYQ4YFNIHXK0CH2F8,,,,1855007,12251,2,0006254908,XX,Monteiro Gonçalves S.A. - Materiais,Chemicals S.A.,Valbom,074326,Avenida de Santo António dos Capuch,PT,1855007122512,01,,P,+88562247627,,X,,BR,,,MONTEIROGO,+63346905741,,,,,,,,P002,02
600,0000149100,ZSVC,Campos - ME - Servicos Industriais,Campos - ME - Servicos Industriais,X,UAJ1PHSI,20201206,,,55336726353557,,0000191835,0010000213,3451,55336726353557  ,,,,,,,4126110,22740,3,0005538550,RJ,Campos - ME - Servicos Industriais,Tech S.A.,Farias de Pinto,57253684,"Aeroporto Julia Silva, 13",BR,4126110227403,02,6300,P,+5526965378459,+552622884999,,,GB,,,CAMPOSME,,GSUZR3U5U9,,,,,,,P001,02
510,0000166329,ZE02,Pedrazzini e figli - Servicos Industriais,Pedrazzini e figli - Servicos Industriais,,JCTEJDN8,20140815,,,,IT5519385167,,0010000318,6018,YM83DUXX94OVH,88103478006,,,,,,9219677,10293,2,0008759438,SIC,Pedrazzini e figli - Servicos Indus,Packaging S.p.A.,Torre Del Padiglione,074885,"Borgo Rocco, 11",IT,9219677102932,01,5345,I,+44615610570,+63669669305,,,GB,,,PEDRAZZINI,,,,,,,,,P002,02
100,0000167876,ZSVC,Law LLC - Servicos Industriais,Law LLC - Servicos Industriais,,E39ODXXHIK79,20131215,,,,GB3935277219,,0010000112,5350,GB175634212527,,,,,,,3073813,76277,0,0008740072,YKS,Law LLC - Servicos Industriais,Operations,New Jean,CQ3018RP,Flat 0 Nicola Park,GB,3073813762770,01,1804,E,+39595982285,+21857091468,,,GB,debitis excepturi necessitatib,,LAWLLC,,,,,,,,,P004,01
200,0000171126,ZE01,Vieira Macedo e Filhos - Componentes,Vieira Macedo e Filhos - Componentes,,YT27OK,20130112,,,Q2KLV5RUZP8T3Q5M,,,0010000208,8104,95093758599197  ,,,,,,,7634268,37457,3,0003230907,GO,Vieira Macedo e Filhos - Componente,Pharma S.A.,Sousa das Pedras,60257919,"Alameda Fonseca, 284",BR,7634268374573,01,4392,P,+5527923482761,,,,DE,,,VIEIRAMACE,,,illo veniam voluptate,,,,,,P003,02
600,0000182440,ZE01,Industrias Jaimes-Robles - Materiais,Industrias Jaimes-Robles - Materiais,,MMCK9G13KYX,20200802,,,8BR9OMM0E42AK,MX7469620004,,0010000129,0253,KRXWDFOQV1G1GQO,16713176127,,,,,,9625972,86892,4,0007936289,,Industrias Jaimes-Robles - Materiai,Procurement,Vieja Somalia,086813,Andador Collazo 720 Interior 591,MX,9625972868924,02,,S,+46355540063,,,,,,,INDUSTRIAS,+68778653205,,cambios quiero algunos,,,,,,P002,01
510,0000195591,ZSVC,Nicolas et Fils - Materiais,Nicolas et Fils - Materiais,,N7EEXS,20120503,,,VUE7BVA17,,,0010000617,1439,7OOIDUHQUV7YRFQI,,,,,,,8612121,61733,7,0001388177,ARA,Nicolas et Fils - Materiais,Distribution,Muller,62513,"350, rue Colas",FR,8612121617337,02,8904,F,+81264783048,,,,,,,NICOLASETF,,,,,,,,,P002,01
600,0000200151,ZE02,Kensy AG - Componentes,Kensy AG - Componentes,,UCJ48P97PNH,20230427,,,,,,0010000666,1214,DE824650343,95364638842,0WX42R9PU6D71T1P58,,,,,2630007,47130,5,0003821992,NW,Kensy AG - Componentes,Industrial SE,Quedlinburg,71159,Ruppertplatz 7,DE,2630007471305,02,5029,D,+49736008937,,,,GB,,,KENSYAG,,,wünschen darin Licht,,,,,,P002,01
400,0000203219,ZE01,Renault - Logistica,Renault - Logistica,,8XGSU,20120603,,,W4P19A70GOX,FR9759292169,0000585591,0010000435,2182,5PL8D8O3KB375HOD,,477YEKUY57SPQJ32V1,,,,,2424793,96748,9,0009859371,IDF,Renault - Logistica,Maritime SAS,Le Goff,12561,"2, boulevard Stéphane Moreno",FR,2424793967489,01,7579,F,+88182717120,,,,MX,,,RENAULT,+27523776604,,renverser lire avance,,,,,,P003,02
812,0000230227,ZSVC,Fowler-Williams - Materiais,Fowler-Williams - Materiais,,D70T3,20160922,,,,GB9507468107,,0010000337,8717,GB966550714708,,,,,,,8092677,19968,9,0007564039,,Fowler-Williams - Materiais,Trading Ltd,West Lucy,PO8427YU,1 Damien Way,GB,8092677199689,02,9834,E,+74371487635,,,,US,,,FOWLERWILL,+59342575778,,,,,,,,P003,02
200,0000231036,ZOTH,Golden-Williams - Componentes,Golden-Williams - Componentes,,HF96S1K64Q1,20170212,,,F468QQNYT2799J,US3978930834,0000140172,0010000630,9760,88-7472591,,,5GK56S2DVZMWF1GNGV,,,,7112060,14879,0,0007649033,CO,Golden-Williams - Componentes,Procurement,New Haleymouth,93387,59512 Alison Points,US,7112060148790,01,9344,E,+19134109831,,,,FR,,,GOLDENWILL,,,,736322,1,,,,P003,01
100,0000236012,ZIMP,Wilcox PLC - Materiais,Wilcox PLC - Materiais,,13OMQJT4V,20120719,,,YX9204DCR9EIQ,US9586197806,,0010000295,2583,13-2525090,,,,,,,6286669,65298,6,0001972818,,Wilcox PLC - Materiais,Maritime Inc.,Lake Janetchester,53570,327 Max Port,US,6286669652986,01,2473,E,+16359085628,,,,FR,while method establish,,WILCOXPLC,,,,,,,,,P004,02
812,0000245494,ZE02,Brown and Sons - Componentes,Brown and Sons - Componentes,,SK0TFZ70E0B,20170118,,,POIE23VM,,,0010000162,6954,54-3855282,,,,,,,4262139,34972,9,0004227980,TX,Brown and Sons - Componentes,Import,East Raymond,69861,10650 Garcia Unions Apt. 849,US,4262139349729,02,9039,E,+18535082230,,,,US,side teacher side,,BROWNANDSO,+16689130495,,,,,,,,P004,01
200,0000252778,ZSVC,"Norris, Wood and Bennett - Materiais","Norris, Wood and Bennett - Materiais",,DX1WMIUIAO,20200112,,,2ZRB8N,,,0010000482,2787,GB333383058327,,,,,,,4484063,76907,5,0007649618,YKS,"Norris, Wood and Bennett - Materiai",Import,East Amy,CB3361ID,7 Pauline Neck,GB,4484063769075,01,,E,+54415909727,,,,BR,,,NORRISWOOD,,,quis aperiam temporibus,,,,,,P001,02
600,0000265663,ZLIF,Chauvin - Materiais,Chauvin - Materiais,,W1VXQMTF,20230505,,,,FR8231691519,0000758062,0010000466,9759,LB6F3YUX3ELB,,,,,,,4201190,08536,9,0005734475,ARA,Chauvin - Materiais,Retail SA,Marie-sur-Mer,10050,"19, avenue Adam",FR,4201190085369,01,4195,F,+46824276397,,,,,,,CHAUVIN,,,frère soldat comme,,1,,,X,P004,01
100,0000270276,ZSVC,Martins - Servicos Industriais,Martins - Servicos Industriais,,H6JSJT,20240121,,,HI6T1A296FFS0WCQK,PT9037004745,,0010000481,9897,GEN4WG21NVQ3HWKI,,,,,,,4962714,35611,9,0008293538,XX,Martins - Servicos Industriais,Wholesale Lda.,Fiães,03810,"Rua de Maia, 84",PT,4962714356119,02,5524,P,+34771741374,,,,US,reiciendis eaque quae,19630515,MARTINS,,VZ7G7WGFL5,,,1,,,,P003,02
700,0000276439,ZIMP,"Summers, Young and Sharp - Componentes","Summers, Young and Sharp - Componentes",,L8PHN8NJ622J,20241128,,,,,,0010000524,8161,GB224516457151,,,,,,,4829244,40024,2,0007580716,BIR,"Summers, Young and Sharp - Componen",Import,Stewartbury,SZ7299GG,Flat 02 Lewis Knoll,GB,4829244400242,01,5403,E,+40550746099,,,,MX,,,SUMMERSYOU,,,,,,,,,P003,01
700,0000276703,ZE01,"Salgado, Camarillo y Santillán - Materiais","Salgado, Camarillo y Santillán - Materiais",,T98JHMOEO7,20130904,,,E0ATHRD2,,,0010000160,9042,TCB2BSMIHH7ZE23Z,,,,,,,8296428,11482,8,0001675849,NL,"Salgado, Camarillo y Santillán - Ma",Industrial S.A. de C.V.,Nueva China,073810,Calzada Colombia 725 525,MX,8296428114828,02,4039,S,+78905581545,+55604072754,,,BR,negro ya primero,,SALGADOCAM,,F3SVHYH1WY,tú años hemos,,,,,,P003,02
200,0000282913,ZOTH,"Coffey, Hoffman and Hall - Servicos Industriais","Coffey, Hoffman and Hall - Servicos Industriais",,RL9GS6Q,20251205,,,JTA3V3GDPQKR42YAQ,US9198845598,,0010000510,7561,44-7537454,,,,,,,7469503,42138,4,0006601758,NY,"Coffey, Hoffman and Hall - Servicos",Export,West Kristina,83089,9027 Richardson Ridges,US,7469503421384,01,3024,E,+18247003487,,,,BR,case wrong tend,,COFFEYHOFF,,5L7FHB5EMS,,,1,,,,P003,02
700,0000287398,ZE01,Familia Saavedra S.L.L. - Logistica,Familia Saavedra S.L.L. - Logistica,,IUTWU9V6LSE,20121113,,,TLS5JANKO9,ES0754481851,0000622454,0010000644,9591,2AM17VR6Z30LWZ39,31229654900,,,,,,3361209,28604,8,0007050370,MAD,Familia Saavedra S.L.L. - Logistica,Industrial S.L.,Melilla,073528,Plaza de Alex Lluch 92,ES,3361209286048,02,0370,S,+47392748699,,,,US,argentina electoral psoe,,FAMILIASAA,,,,,,,,,P002,01
200,0000290553,ZE02,Dietz e.V. - Materiais,Dietz e.V. - Materiais,,QZY2Y0Y8U99,20140830,,,U82FVNTJ1CURXYBJRR7B,DE0120855410,,0010000566,4809,DE211327810,,,,,,,5838054,21217,0,0006718347,NW,Dietz e.V. - Materiais,Industrial KG,Badibling,42361,Stumpfring 83/82,DE,5838054212170,02,7530,D,+49402324931,,,,MX,,,DIETZEV,+49731739716,,,,,,,X,P002,01
510,0000294108,ZSVC,"Foster, Powell and Brown - Logistica","Foster, Powell and Brown - Logistica",,U91OY9,20141213,,,,CA8520152671,,0010000403,5020,0RNUA8HKZ0625YZ6,,,,,,,1484995,52352,7,0007081648,ON,"Foster, Powell and Brown - Logistic",Wholesale Ltd.,Lake Tony,024590,15351 Charles River,CA,1484995523527,01,5694,E,+19067133467,,,,,earum accusamus quaerat,,FOSTERPOWE,+17799284478,,omnis tenetur repellendus,,1,,,,P004,02
300,0000304290,ZOTH,Distribuciones Reguera S.L.N.E - Componentes,Distribuciones Reguera S.L.N.E - Componentes,,55S4YRQ,20221231,,,,,,0010000537,5497,S1E2YS3YRMDT,,,,,,,5043240,79947,3,0009185298,MAD,Distribuciones Reguera S.L.N.E - Co,Industrial S.A.,Toledo,01518,Rambla Victor Conde 95 Piso 7,ES,5043240799473,01,6018,S,+29471401110,,,,GB,,,DISTRIBUCI,+88744012971,,,,,,,,P001,02
700,0000330413,ZE01,Lozano-Reynolds - Componentes,Lozano-Reynolds - Componentes,,NQ8NH28OV,20120207,,ONKL,0ZEF93FZIF9Z38R7,US4282370526,,0010000399,8985,94-9761794,54076169508,,,,,,9543514,66324,0,0003063773,IL,Lozano-Reynolds - Componentes,Logistics LLC,South Gavin,62659,479 Williams Skyway,US,9543514663240,01,3338,E,+12419361321,,,,BR,economic feeling then,,LOZANOREYN,+18799290677,,,,,,,,P004,01
100,0000332119,ZOTH,"Tamburello, Sagnelli e Bottaro e fi - Materiais","Tamburello, Sagnelli e Bottaro e fi - Materiais",,TG6KO0V,20140406,,,,,,0010000519,5583,AG0UXPV2XUK3,,,,,,,0860204,58411,4,0009093089,LAZ,"Tamburello, Sagnelli e Bottaro e fi",Metals S.p.A.,Gallicchio,026989,"Contrada Giuseppe, 6 Appartamento 4",IT,0860204584114,01,9077,I,+66206042817,,,,FR,,,TAMBURELLO,,,,,,,,,P002,02
600,0000332808,ZOTH,"Ramirez, Moore and Leonard - Componentes","Ramirez, Moore and Leonard - Componentes",,N2ZEUP5PML,20181013,,,1RX81Y02SW38NAV,US1156156074,,0010000563,4647,16-9453998,,,,,IAOJMFYWFOO6FMZDKQRC,,5656251,81156,1,0004325600,MA,"Ramirez, Moore and Leonard - Compon",Trading LLC,Rachelbury,18331,2632 Novak Village Apt. 496,US,5656251811561,01,4010,E,+17515265080,,,,BR,,,RAMIREZMOO,+17662066574,,very car condition,,1,,,,P003,01
700,0000357433,ZE02,Santillán-Manzanares - Materiais,Santillán-Manzanares - Materiais,,IID95USWTB,20180111,,,,,0000933203,0010000346,0225,6J6UR8XZMT8,,1TY9JR22FOQOZDDIXX,,,,,8443265,67490,8,0008684335,JAL,Santillán-Manzanares - Materiais,Chemicals S.A. de C.V.,Nueva Sudán del Sur,62896,Eje vial Sur Rendón 855 Interior 30,MX,8443265674908,01,2663,S,+78620256172,,,,BR,,,SANTILLÁNM,+20508265179,,juan fuerza padre,,,,,X,P001,01
700,0000359133,ZOTH,Supermercados Internacionales S.L.N - Materiais,Supermercados Internacionales S.L.N - Materiais,,3AW6QX1,20171219,,,,,,0010000474,5380,Z7K6HPEPV4R,66536141956,,,,,X,7554396,22619,3,0005243912,MAD,Supermercados Internacionales S.L.N,Chemicals S.A.,Córdoba,27502,Cañada Santiago Atienza 801,ES,7554396226193,02,0644,S,+27209265767,,,,FR,,,SUPERMERCA,+85934653243,,,,,,,,P003,01
300,0000360559,ZSVC,Aparecida - Componentes,Aparecida - Componentes,,TBTSO81X3Q,20211129,,,,,,0010000505,2958,21273325589313  ,,,,,,,9917914,68464,6,0001220685,GO,Aparecida - Componentes,Logistics EIRELI,Ferreira,54876518,"Vale Matheus Camargo, 29",BR,9917914684646,01,0462,P,+5522988140288,,,,MX,earum itaque aspernatur,,APARECIDA,,,,,,,,,P004,02
400,0000372136,ZOTH,Venturi-Caccioppoli s.r.l. - Componentes,Venturi-Caccioppoli s.r.l. - Componentes,,70AGB,20211208,X,,G3ED3GQTBE3Z8KXNPL,,0000215282,0010000265,3722,H012Z7E8,,,,,,,2026572,44613,7,0007506446,LAZ,Venturi-Caccioppoli s.r.l. - Compon,Import,Monteleone Di Puglia,02622,"Rotonda Giannone, 63 Appartamento 1",IT,2026572446137,01,3732,I,+43802115475,+81585579648,,,,,,VENTURICAC,+43722636856,,,,,,,,P002,
300,0000380944,ZSVC,Despacho Rosales y Bustos - Materiais,Despacho Rosales y Bustos - Materiais,,THYRG0,20231113,,,,MX6125647784,0000367493,0010000577,1436,J9U4JCGIEBGOUZ,,,,,,,4033242,66598,6,0000890781,,Despacho Rosales y Bustos - Materia,Tech S. de R.L.,San Alta Gracia los bajos,036767,Peatonal Robles 422 097,MX,4033242665986,02,5327,S,+27747487089,,,,DE,,,DESPACHORO,,,,107647,,,,,P003,01
812,0000382294,ZLIF,"Mills, Kim and Edwards - Componentes","Mills, Kim and Edwards - Componentes",,I47EVZ,20200215,,,,US0150211016,,0010000521,7999,35-5485895,,,,,,,5964182,80997,5,0001509476,CA,"Mills, Kim and Edwards - Componente",Chemicals LLC,South David,77383,1752 Ballard Circles Apt. 980,US,5964182809975,01,7157,E,+13648045682,,,,,,,MILLSKIMAN,,,,,,,,,P004,01
100,0000388648,ZIMP,"Turchetta, Giusti e Tomasetti s.r.l - Componentes","Turchetta, Giusti e Tomasetti s.r.l - Componentes",,W59NK12I2S,20140514,,,,IT1344891183,0000523711,0010000576,3473,7OHVMH3IX,,,EAP7TWAB9WJZJJX16Q,,,,2747295,75716,6,0001757898,LMI,"Turchetta, Giusti e Tomasetti s.r.l",Automotive S.r.l.,Sindacale,55914,"Rotonda Roth, 88",IT,2747295757166,02,,I,+30970447588,,,,BR,,,TURCHETTAG,+54787069829,,difesa elettrico caso,,,,,,P001,02
510,0000406580,ZLIF,Piovani Group - Logistica,Piovani Group - Logistica,,OB2QFWSR12LC,20130322,,TAQT,ASTTABD3WKC0D0R,IT2441615968,,0010000157,8749,85TZ2B9E27,17311236299,,,,,,1989919,94918,7,0000036906,LAZ,Piovani Group - Logistica,Distribution,Loewenviertel Elisabethsiedlun,59219,"Vicolo Venditti, 71",IT,1989919949187,01,,I,+57508493223,,,,MX,,,PIOVANIGRO,,,,,,,,,P003,01
700,0000423871,ZSVC,Hahn Weitzel GbR - Servicos Industriais,Hahn Weitzel GbR - Servicos Industriais,,5HVZ7VO,20171221,,,K61LVMXJGNR07GJAW43,,,0010000609,9173,DE584231069,,,,,,,3817648,89493,5,0004769831,BW,Hahn Weitzel GbR - Servicos Industr,Tech KG,Greiz,13962,Maria-Trupp-Gasse 3834,DE,3817648894935,02,4539,D,+49413796175,,,,US,,,HAHNWEITZE,,,,,,,,,P002,02
600,0000427156,ZLIF,Antonetti-Trupiano e figli - Materiais,Antonetti-Trupiano e figli - Materiais,,MOL65ZU2WGDY,20250203,,,,IT3279330688,,0010000187,7812,BQ2GU3F5R,,,,,,,0805962,83206,0,0009869622,SIC,Antonetti-Trupiano e figli - Materi,Maritime S.r.l.,Castione,51644,"Viale Luca, 464",IT,0805962832060,01,3214,I,+60851699585,,,,MX,,,ANTONETTIT,,,,,,,,,P001,01
700,0000434962,ZE02,有限会社小林農林 - Logistica,有限会社小林農林 - Logistica,,KLHA5AW,20140111,,,,,,0010000261,6422,DDD4AKHGQ,,,,,,,0732554,96444,5,0003804534,XX,有限会社小林農林 - Logistica,Logistics 有限会社,府中市,30786,101 山本 Street,JP,0732554964445,01,2202,J,+61936237940,,,,,,,有限会社小林農林,+82415612423,,リニア 持っていました ログ,,,,,,P002,02
510,0000440984,ZOTH,"Cortez, Vasquez and Brennan - Servicos Industriais","Cortez, Vasquez and Brennan - Servicos Industriais",,4K4RKD1,20230820,,,3P5N7S,US4154152159,,0010000287,0987,74-4351875,,QL9XGAKVTA0L82ZE3J,,,,,8984572,53553,6,0003675388,NY,"Cortez, Vasquez and Brennan - Servi",Retail Holdings,Brownshire,34157,38625 Brown Orchard Suite 300,US,8984572535536,02,3359,E,+17687276096,,,,FR,,,CORTEZVASQ,,,,,,,,,P004,01
300,0000442028,ZE01,Hubert - Logistica,Hubert - Logistica,,Y7L29KPZY9,20240405,,,LDJWKDJHHT6,,,0010000246,6469,OKRP68MZCXW8,,,,T2DSOR8DAJS,,,6532922,21248,1,0007918399,HDF,Hubert - Logistica,Regional Hub,Pages,76220,"40, rue Roland Merle",FR,6532922212481,02,7742,F,+72914972977,,,,FR,,,HUBERT,,,,,1,,,,P002,01
600,0000454020,ZLIF,伊藤銀行合同会社 - Logistica,伊藤銀行合同会社 - Logistica,,3Z5PDCYGN,20170520,,,,JP8264365526,,0010000230,9677,YHFN87DSB5NIUO,,,,,,,9098384,45848,3,0007705512,XX,伊藤銀行合同会社 - Logistica,Maritime 有限会社,御蔵島村,033572,351 後藤 Street,JP,9098384458483,02,0887,J,+62470054899,,,,FR,,,伊藤銀行合同会社,+30482931805,,,,,,,,P001,02
400,0000481599,ZLIF,Wohlgemut - Componentes,Wohlgemut - Componentes,,SU1WKLP,20130901,,,3M27UP3K,DE4672743820,,0010000518,9577,DE463717082,,,,,,,6044064,51814,3,0000050295,NW,Wohlgemut - Componentes,Import,Pasewalk,10845,Eva-Marie-Löchel-Straße 2022,DE,6044064518143,02,1773,D,+49468866773,,,,US,,,WOHLGEMUT,,,,,,,,,P004,01
600,0000482661,ZE01,Jaramillo-Piña - Materiais,Jaramillo-Piña - Materiais,,5CLURP6,20180926,,,,,,0010000686,3964,LDUHPVYGVRUR4YQ,30355552605,CMZB6NE0APRW0X29T7,,,,,6189117,46300,4,0005420502,QUE,Jaramillo-Piña - Materiais,Regional Hub,San María José los bajos,53638,Callejón Tamaulipas 565 817,MX,6189117463004,,3907,S,+75421303831,,,,DE,,,JARAMILLOP,,,,,1,,X,,P004,02
812,0000510727,ZOTH,"Graham, Lewis and George - Componentes","Graham, Lewis and George - Componentes",,PIEHKUABXOSL,20220511,,,51BMFU7CER6H,GB5340125310,,0010000279,2967,GB885118858629,58944264921,,,,,,2948226,50400,1,0002235554,BIR,"Graham, Lewis and George - Componen",Maritime PLC,North Leon,UJ0279JH,216 Price Fords,GB,2948226504001,01,2008,E,+74931198946,,,,MX,,,GRAHAMLEWI,,,,,,,,,P003,02
700,0000564902,ZLIF,Borges Santos S.A. - Componentes,Borges Santos S.A. - Componentes,,Y2VW8NYO6RY,20190225,,,93705674953038,,,0010000204,9150,93705674953038  ,,,,,,,6478252,95811,9,0007372542,BA,Borges Santos S.A. - Componentes,Systems LTDA,Vieira do Norte,79272363,"Favela Gonçalves, 7",BR,6478252958119,01,8930,P,+5540921101225,,,,FR,beatae quibusdam ipsa,,BORGESSANT,,,facere laborum ipsum,,,,,X,P002,
510,0000573052,ZIMP,Thomas and Sons - Servicos Industriais,Thomas and Sons - Servicos Industriais,,1S180C,20130426,,,,US5685221348,,0010000634,2701,12-2841438,49347399205,RS86UQRDGB46FD0FA4,,,,,8294319,77881,3,0008445378,TX,Thomas and Sons - Servicos Industri,Procurement,Thompsonland,81310,163 Lopez Extension Suite 277,US,8294319778813,01,7113,E,+19964267041,,,,BR,,,THOMASANDS,+16129530557,,,702444,,,,X,P004,01
700,0000578398,ZLIF,Machado - Materiais,Machado - Materiais,,M6UHJKUCW,20121006,,,92006416191413,BR5943228626,,0010000356,9111,92006416191413  ,,,,,,,4948448,06090,3,0001384384,GO,Machado - Materiais,Electronics ME,Barbosa,63998731,"Parque de Campos, 96",BR,4948448060903,02,1467,P,+5512917051280,,,,FR,,,MACHADO,+551239956042,,,,,,,,P003,02
100,0000579541,ZIMP,"Clayton, Russell and Swift - Servicos Industriais","Clayton, Russell and Swift - Servicos Industriais",,FCDR20AN2RTE,20131108,,,LF8OUVGVKWSA6TYEVL,,,0010000281,6429,GB323141810473,,,,,,,5274049,94128,4,0007559202,GLS,"Clayton, Russell and Swift - Servic",Tech LLP,East Elaineview,IE8056QA,Studio 29 Bernard Plaza,GB,5274049941284,02,2681,E,+25782079451,,,,BR,,,CLAYTONRUS,,,,,,,,,P004,01
400,0000622395,ZIMP,Trommler GmbH - Componentes,Trommler GmbH - Componentes,,DLMF3NQ2Q7G,20140822,,,,DE2883774994,,0010000199,5895,DE474342168,,,,,,,6869713,64466,0,0008509599,BY,Trommler GmbH - Componentes,Retail GmbH,Borna,27388,Schuchhardtring 7,DE,6869713644660,02,3435,D,+49538954088,,,,,Brot Stück besser,,TROMMLERGM,,,,524048,,,,,P001,02
700,0000626973,ZE02,"Golden, Rodriguez and Ball - Servicos Industriais","Golden, Rodriguez and Ball - Servicos Industriais",,17AT8V55HZ,20180307,,,,,,0010000446,6591,72-4358908,,,,,,,4920281,78171,3,0004219272,FL,"Golden, Rodriguez and Ball - Servic",Pharma Holdings,West Pamela,82275,63782 Mckenzie Knoll,US,4920281781713,02,0758,E,+13823206682,+13828672879,,,DE,,,GOLDENRODR,,,over but scientist,,,,,,P002,02
700,0000640817,ZE02,Monroe-Strickland - Servicos Industriais,Monroe-Strickland - Servicos Industriais,,N5IUS2,20201030,,,,CA9264026693,,0010000440,3388,VMAQSEE2Q,,,,,,,9992218,51719,9,0002922195,BC,Monroe-Strickland - Servicos Indust,Wholesale Ltd.,Brownstad,24531,386 Mike Row Apt. 331,CA,9992218517199,02,,E,+14576941291,,,,US,,,MONROESTRI,+16457111127,,,,1,,,,P002,02
400,0000661162,ZOTH,Griffin-Smith - Servicos Industriais,Griffin-Smith - Servicos Industriais,,9RTSLY4FC1E,20230417,,,,,,0010000336,4043,76-7704341,,,,,,,4950397,96408,7,0002980973,CO,Griffin-Smith - Servicos Industriai,Tech Holdings,West Aprilberg,20976,83424 Mary Avenue,US,4950397964087,01,1751,E,+16527772799,,,,,,,GRIFFINSMI,,,,,,,,,P003,01
700,0000666782,ZE01,"Morgan, Thomson and Jones - Servicos Industriais","Morgan, Thomson and Jones - Servicos Industriais",,ZTF68J,20160410,,,RN4PZ8SEVKJANT05,,,0010000693,5422,GB154540657805,79849132033,,MNDDK5YYIQ00DBCRLV,,,,6497500,00031,9,0009216487,GLS,"Morgan, Thomson and Jones - Servico",Maritime Ltd,Thomasbury,WK5435TH,Flat 52 Williams Drive,GB,6497500000319,02,6501,E,+24613947338,+29515173185,,X,MX,,,MORGANTHOM,,,deleniti cupiditate iste,,1,,,,P004,01
200,0000670927,ZLIF,Anjos e Filhos - Logistica,Anjos e Filhos - Logistica,,WAMB93YY,20230124,,,D5S2QUEB5MJY,,,0010000669,1596,Q865CC01ZE3,,,,,,,4958974,21932,5,0009964123,XX,Anjos e Filhos - Logistica,Operations,Anadia,24434,"Av de Martins, 67",PT,4958974219325,01,9866,P,+75446232297,,,,BR,,,ANJOSEFILH,+74710452230,,,,,,,,P003,02
510,0000671826,ZSVC,Suarez Inc - Logistica,Suarez Inc - Logistica,,KBRU28MF,20130325,,,,,,0010000275,9191,Y5Z8YMWO6O,,,,,,X,3246960,04036,7,0000188499,ON,Suarez Inc - Logistica,Pharma Corp.,Banksbury,052919,0592 Kelley Causeway,CA,3246960040367,02,2647,E,+12155458263,,,,,,,SUAREZINC,+12744715641,,,,,,,,P004,02
300,0000693360,ZLIF,Löffler KG - Logistica,Löffler KG - Logistica,,J1N3WU,20210418,,,DE822975781,DE7223881374,,0010000145,9186,DE238613863,,,,,,,9405928,23176,4,0006494000,,Löffler KG - Logistica,Export,Bernburg,32308,Nuray-Flantz-Gasse 62-35,DE,9405928231764,01,8028,D,+49813108467,,,,,,,LÖFFLERKG,+49333532442,,,138813,,,,,P001,01
400,0000752528,ZSVC,Abreu S.A. - Materiais,Abreu S.A. - Materiais,,H3PN5HCW,20120112,,,20994654919599,BR8816864116,,0010000584,5612,20994654919599  ,00008544933,,,WW45Z05AW2BNWF0,,,0407777,81037,8,0000556695,RS,Abreu S.A. - Materiais,Electronics LTDA,Fernandes,99399916,"Trecho de Nunes, 8",BR,0407777810378,01,6986,P,+5590993563674,+559028948183,,,GB,beatae maiores accusamus,,ABREUSA,+559039065203,,,,,,,,P003,01
300,0000752534,ZOTH,Maya-Griego A.C. - Logistica,Maya-Griego A.C. - Logistica,,LQBJA7Z,20150609,,,TIC7X6V1BUSF1IWG94,MX8731583738,,0010000512,5768,PWEPLWSZN3JN6J,57652229281,,,,,,3409715,50707,8,0003853178,NL,Maya-Griego A.C. - Logistica,Regional Hub,Vieja Santo Tomé y Príncipe,83243,Calzada Miranda 064 493,MX,3409715507078,01,6309,S,+59590383591,,,,US,administración obstante media,,MAYAGRIEGO,,,,,,,,,P001,02
200,0000756122,ZE02,Branco - Logistica,Branco - Logistica,,PQUTFET,20150206,,,BPHNGWR,,,0010000616,6881,Y5ILGZQQOH,40585253160,,,,,,9462257,67447,3,0000228079,XX,Branco - Logistica,Shared Services,Câmara de Lobos,36978,"Rua de Moura, 61",PT,9462257674473,01,0364,P,+37745572292,,,,,,,BRANCO,,,,,,,,X,P002,02
100,0000760033,ZIMP,Prati-Disdero s.r.l. - Componentes,Prati-Disdero s.r.l. - Componentes,,089W23,20171020,,,,IT0439519242,,0010000139,9221,6CAEY8I5,,,,,,,8015357,08026,0,0001744673,VEN,Prati-Disdero s.r.l. - Componentes,Procurement,Montesinaro,013518,"Viale Annibale, 47",IT,8015357080260,02,3903,I,+42691938734,,,,,,,PRATIDISDE,+66484918493,,,,,,,,P001,02
510,0000778427,ZE02,Leite e Filhos - Materiais,Leite e Filhos - Materiais,,NZCZHFB,20211005,X,,VH7OT51O3U6V,PT6947646230,,0010000102,5972,TFZZNNZXSY62OLK5,13153519759,,0YPDCFHPRN1HN3ULSV,,,,2688293,59413,1,0006048288,,Leite e Filhos - Materiais,Chemicals Lda.,Tondela,044354,"Av Campos, 37",PT,2688293594131,02,0732,P,+55800509415,+69430027385,,,GB,,,LEITEEFILH,+89343569438,,aliquid sit atque,,,,,,P003,02
510,0000778933,ZE02,Construcción Gomis & Asociados S.A. - Materiais,Construcción Gomis & Asociados S.A. - Materiais,,YW6X6,20201016,,,,ES2943398867,0000041334,0010000374,4036,JT54BTAX5G,,,,,,,3344005,53204,5,0005849672,MAD,Construcción Gomis & Asociados S.A.,Industrial S.A.,Albacete,06485,Alameda de Yago Valls 51 Apt. 92,ES,3344005532045,02,0083,S,+28707446768,,,,US,,,CONSTRUCCI,+30690155636,,,,,,X,X,P001,01
600,0000783253,ZE01,"Abbott, Miller and Ferguson - Servicos Industriais","Abbott, Miller and Ferguson - Servicos Industriais",,KI1MH9R,20130412,,,,GB6526277836,0000179263,0010000173,5423,GB785945796718,,,,,,,3167368,78435,6,0000882117,MAN,"Abbott, Miller and Ferguson - Servi",Maritime Ltd,Reevesville,YN6191YX,Flat 10g Williams Court,GB,3167368784356,01,4493,E,+44790542699,,,,,,,ABBOTTMILL,,,,,,,,,P001,02
400,0000788502,ZE02,Magaña y Godoy S.C. - Logistica,Magaña y Godoy S.C. - Logistica,,TH3NIN,20120615,,2SJF,A46EZ4IU7AWC5LRMS,MX9498370941,,0010000228,8274,B472DRIQV0Z07,,,,,,,7241352,29005,8,0002598798,CMX,Magaña y Godoy S.C. - Logistica,Metals S. de R.L.,Vieja Libia,67861,"Pasaje Suiza 549 Edif. 357 , Depto.",MX,7241352290058,02,0132,S,+57225177409,,,,MX,pudo modo comisión,,MAGAÑAYGOD,,,,,,,,,P002,02
100,0000790485,ZE01,Casa Grande - Materiais,Casa Grande - Materiais,,3HCJY5LDVG8S,20150419,,,82238494007667,BR4174773302,,0010000101,5159,82238494007667  ,,,,,,,4492387,18889,1,0005678359,SC,Casa Grande - Materiais,Import,Pinto,11984762,"Quadra de Camargo, 3",BR,4492387188891,01,8229,P,+5539979311694,,,,MX,,,CASAGRANDE,+553938566112,,fugiat debitis excepturi,,,,,,P001,02
100,0000817634,ZOTH,Carvajal y Nájera S.A. de C.V. - Materiais,Carvajal y Nájera S.A. de C.V. - Materiais,,M64GUVPQPSF,20200522,X,,,MX8153979869,,0010000560,2273,WHWOQ5T5VANS9JTX,74556011167,,,,08B9WOOPOF1XDSUF0TEG,,2080639,09253,8,0008182188,,Carvajal y Nájera S.A. de C.V. - Ma,Distribution,San Sergio los bajos,97610,Circunvalación Tórrez 335 Interior ,MX,2080639092538,02,0401,S,+50587580114,,,X,DE,,,CARVAJALYN,,,nada jefe existencia,726098,,,,,P001,01
200,0000841577,ZLIF,鈴木通信合同会社 - Servicos Industriais,鈴木通信合同会社 - Servicos Industriais,,VNH1YZ,20131005,,,37BH1678Z6ZZ45825H,JP1037590671,,0010000268,2498,LOL6L3ILSTV,,,,,,,2662606,69386,6,0007271295,XX,鈴木通信合同会社 - Servicos Industriais,Maritime 有限会社,渋谷区,15677,700 高橋 Street,JP,2662606693866,01,,J,+56464188344,+77566114196,,,,ブランチ 尊敬する フレーム,,鈴木通信合同会社,+37160668866,,バケツ インチ 高い,,1,,,,P001,
100,0000845619,ZE01,Jacobi Jäckel - Componentes,Jacobi Jäckel - Componentes,,J0P00AX8MNLW,20211219,,,DE261356283,,,0010000168,9682,DE097526560,,,,,,,7218200,04737,6,0000682359,BY,Jacobi Jäckel - Componentes,Industrial AG,Leipziger Land,30618,Timm-Stadelmann-Allee 44/69,DE,7218200047376,02,1309,D,+49505072737,,,X,US,,,JACOBIJÄCK,,,,,,legen weiter,,,P003,02
200,0000860269,ZE02,Richards Ltd - Componentes,Richards Ltd - Componentes,,0JHRE,20191206,,,2P36M7,US8886905332,,0010000421,3291,92-3772777,,FS4PANHWJ1KWZUQS9O,,,,,4425025,46177,8,0004838296,CA,Richards Ltd - Componentes,Packaging LLC,West Victor,54409,5014 Park Keys Suite 618,US,4425025461778,02,1849,E,+13122292121,,,,MX,,,RICHARDSLT,,,,,1,,,,P003,02
510,0000866490,ZLIF,Jesus - Materiais,Jesus - Materiais,,8UXYSUAMS3U,20260315,,,29314401281390,,,0010000506,3357,29314401281390  ,,,,,,,9903303,30160,6,0003846409,PR,Jesus - Materiais,Metals S.A.,Ferreira das Flores,85601209,"Conjunto de Duarte, 30",BR,9903303301606,01,5080,P,+5539972370032,,,,MX,,,JESUS,+553935083313,,inventore minus modi,,1,,,,P003,01
300,0000874294,ZOTH,Garay y Maza S.Coop. - Materiais,Garay y Maza S.Coop. - Materiais,,RFRENN03W5,20130806,,,,,,0010000215,4578,JMXAWO8U5C84M7,75384009352,,,,,,9940959,66199,0,0003752615,CAT,Garay y Maza S.Coop. - Materiais,Trading S.A.,Guipúzcoa,085658,Urbanización de Gema Jerez 78 Apt. ,ES,9940959661990,01,0619,S,+66544841499,,,,GB,,,GARAYYMAZA,,,,,,,,,P001,01
200,0000885365,ZOTH,Godoy S.A. de C.V. - Materiais,Godoy S.A. de C.V. - Materiais,,PD2DUYNG56,20120517,,,CIMGSYYV,MX2619550123,,0010000363,9016,31DT3UZGRA1CL,,,,,,,3148764,87599,8,0007983942,NL,Godoy S.A. de C.V. - Materiais,Packaging S.A. de C.V.,San Ramón los altos,052347,Prolongación Santa Lucía 129 991,MX,3148764875998,01,3902,S,+31440632267,,,,DE,,,GODOYSADEC,,,,,,,,,P004,01
100,0000891926,ZLIF,Rodarte-Esquibel - Componentes,Rodarte-Esquibel - Componentes,,DLI1OLAT1LL4,20180103,,,,MX9381396829,,0010000284,6044,0UHQMOFG8Q7NNZS,,,,,,,7722901,36728,3,0003422539,NL,Rodarte-Esquibel - Componentes,Foods S.A. de C.V.,Nueva Afganistán,029529,Retorno Sur Peña 492 473,MX,7722901367283,01,8604,S,+82277763363,,,,US,cuya mí dejó,,RODARTEESQ,,,países ni iglesia,,,,,,P003,01
510,0000903307,ZE02,Fernandes - EI - Materiais,Fernandes - EI - Materiais,,7N9SSTBCWZ2J,20140126,,,E6VUQNVT5A3LUZ,BR2112087867,,0010000255,3536,42870872788293  ,,,,,,,7898878,07809,7,0007255914,MG,Fernandes - EI - Materiais,Tech LTDA,Pastor de Minas,52840530,"Aeroporto Luiz Miguel Rodrigues, 64",BR,7898878078097,01,2743,P,+5559946656384,+555924007278,,,BR,ad consectetur officiis,,FERNANDESE,,,,,,,,,P002,02
200,0000912325,ZSVC,Vasari-Fagiani Group - Logistica,Vasari-Fagiani Group - Logistica,,J5IWZR6K,20180125,,,JL3OUP,,,0010000104,7985,4YHUZ9L6P,33876022680,,,40EG3R5O68K1RCEC1GL3EU4XCF7EK1YPDIIFZXAN,,,8628153,44661,3,0005977768,LAZ,Vasari-Fagiani Group - Logistica,Maritime S.p.A.,Tremenico,42123,"Strada Bandello, 36 Piano 9",IT,8628153446613,01,1720,I,+52108892457,,,,,bene pazzo ecco,,VASARIFAGI,,,,,,,,,P002,02
200,0000916523,ZE02,"Monaco, Avogadro e Cuda s.r.l. - Logistica","Monaco, Avogadro e Cuda s.r.l. - Logistica",,BXO53TL5X,20250211,,,,IT7957395879,,0010000191,5092,FI0WX9ZN8,,,,,,,6479804,43293,5,0007264313,SIC,"Monaco, Avogadro e Cuda s.r.l. - Lo",Chemicals S.r.l.,Ponte Gorzone,006798,"Strada Padovano, 3",IT,6479804432935,02,1912,I,+48573743651,,,,US,pianura qua dunque,,MONACOAVOG,+36715782938,,,,,,,,P004,02
510,0000923672,ZIMP,Hnos Soler S.Coop. - Logistica,Hnos Soler S.Coop. - Logistica,,WNR95EI,20151217,,,AI3FRU1JGT0F,ES2136927117,,0010000620,3953,8OD4E6ZKI,70730805064,,,,,,3090803,83122,9,0001342456,VAS,Hnos Soler S.Coop. - Logistica,Automotive S.A.,León,004534,Cuesta de Martirio Ramón 2,ES,3090803831229,02,7718,S,+61789889431,,,,FR,,,HNOSSOLERS,,7FWS9NPSRR,,,1,,,,P004,01
200,0000924567,ZOTH,de Jesús y Villaseñor e Hijos - Servicos Industriais,de Jesús y Villaseñor e Hijos - Servicos Industriais,,6KSBLCBAXQ,20121029,,,06LZHSY,,,0010000548,5430,HWH3XSOAPOLE6,,,,5R56ZO7FHD2MCMIIRZKT,,,8786915,29855,8,0005160445,CMX,de Jesús y Villaseñor e Hijos - Ser,Metals S. de R.L.,Nueva Ucrania,94716,Periférico Etiopía 242 Interior 202,MX,8786915298558,02,4225,S,+84838792943,+45276956821,,,US,,,DEJESÚSYVI,,1M5WIP5UCP,,592608,,,,,P001,01
200,0000934903,ZLIF,"Herman, Gonzalez and Simmons - Servicos Industriais","Herman, Gonzalez and Simmons - Servicos Industriais",,TWD9WJFI,20161023,,,,US0422268885,0000602728,0010000661,2368,33-9324527,48452542678,,,,,,6375280,24600,3,0009626935,NY,"Herman, Gonzalez and Simmons - Serv",Operations,South Jennifer,36488,16567 Janice Field,US,6375280246003,02,0366,E,+12982384012,,,,MX,job vote realize,,HERMANGONZ,+17807775580,,,,,,,,P002,02
510,0000936181,ZIMP,Rocha - Logistica,Rocha - Logistica,,21MRS2LMIQ6,20130214,,,95291679084917,BR6947984479,,0010000515,6755,95291679084917  ,,,,,,,6257911,24369,1,0008427807,GO,Rocha - Logistica,Operations,Aparecida do Norte,25166056,"Sítio Allana Aparecida, 385",BR,6257911243691,02,0294,P,+5581929347473,,,,FR,,,ROCHA,+558135850897,,,,,,,,P001,01
100,0000936754,ZE02,Röhrdanz Wernecke AG - Logistica,Röhrdanz Wernecke AG - Logistica,,OJFKM,20130313,,,,DE6200341823,,0010000685,2525,DE939111406,,,,,,,2546542,65926,4,0009520183,BE,Röhrdanz Wernecke AG - Logistica,Automotive KG,Koblenz,13392,Hanne-Lore-Barth-Straße 48-19,DE,2546542659264,02,2785,D,+49638443647,,,,US,alt wirklich Lehrerin,,RÖHRDANZWE,,,,,,,,,P001,02
200,0000946444,ZE02,"Holden, Jarvis and Berry - Materiais","Holden, Jarvis and Berry - Materiais",,WXYU9JY8I8Z,20200327,,,HPAL4VE62ZB,,,0010000377,2777,GB496157895511,,,,,,,9807415,40370,7,0003475342,,"Holden, Jarvis and Berry - Materiai",Shared Services,East Denise,MY8767KH,7 Rees Rest,GB,9807415403707,01,5792,E,+33999974004,,,,DE,,,HOLDENJARV,+79483314426,,exercitationem deleniti quibus,,,,,,P002,01
510,0000947570,ZOTH,Montenegro Aragão S/A - Logistica,Montenegro Aragão S/A - Logistica,,91KJ2,20150715,,,,BR9308846579,,0010000222,8118,16440631393684  ,,,,,,,2458419,67987,5,0009003770,MG,Montenegro Aragão S/A - Logistica,Wholesale S.A.,Santos,45111298,"Favela Lavínia Campos, 67",BR,2458419679875,01,3248,P,+5569938025547,+556926095953,,,GB,,,MONTENEGRO,+556932372076,,,,,,,X,P001,01
300,0000951016,ZE01,Harvey and Sons - Materiais,Harvey and Sons - Materiais,,WZHAO92W,20250508,,,05390N1VN99RZSB6TN,GB7588233508,,0010000596,1948,GB559020054859,,,,,,,8013325,10130,9,0008910733,,Harvey and Sons - Materiais,Metals PLC,New Julieport,OR4966HB,Studio 1 Dunn Forge,GB,8013325101309,01,2714,E,+22821540565,,,,US,dolorem quaerat saepe,,HARVEYANDS,+80159652368,,accusamus autem magnam,,,,,,P001,01
510,0000956250,ZIMP,"Comolli, Bernetti e Franzese e figl - Componentes","Comolli, Bernetti e Franzese e figl - Componentes",,JKKKT52Q73S9,20220713,,,,,,0010000662,9074,AAWRPOPFODYW,,,,,,,2746638,21212,0,0008320869,LAZ,"Comolli, Bernetti e Franzese e figl",Shared Services,Pieve D'Olmi,007686,"Borgo Alfio, 27",IT,2746638212120,01,4049,I,+86504408199,,,,GB,,,COMOLLIBER,,,,,,,,,P001,01
